date,store_cd,product_cd,closing_stock_qty,out_of_stock_hours,lost_sales_est_amount
2026-09-20,ST001,SOZ001,0,0.0,0
2026-09-20,ST001,SOZ002,0,0.0,0
2026-09-20,ST001,SOZ003,0,0.0,0
2026-09-20,ST001,SOZ004,0,0.0,0
2026-09-20,ST001,NIP001,1,0.0,0
2026-09-20,ST001,NIP002,9,0.0,0
2026-09-20,ST001,NIP003,6,0.0,0
2026-09-20,ST001,NIP004,5,0.0,0
2026-09-20,ST001,NIP005,8,0.0,0
2026-09-20,ST001,SEI001,0,0.0,0
2026-09-20,ST001,SEI002,0,0.0,0
2026-09-20,ST001,SEI003,0,0.0,0
2026-09-20,ST002,SOZ001,0,0.0,0
2026-09-20,ST002,SOZ002,0,0.0,0
2026-09-20,ST002,SOZ003,0,0.4,450
2026-09-20,ST002,SOZ004,0,0.0,0
2026-09-20,ST002,NIP001,8,0.0,0
2026-09-20,ST002,NIP002,3,0.0,0
2026-09-20,ST002,NIP003,3,0.0,0
2026-09-20,ST002,NIP004,3,0.0,0
2026-09-20,ST002,NIP005,8,0.0,0
2026-09-20,ST002,SEI001,0,0.0,0
2026-09-20,ST002,SEI002,0,0.0,0
2026-09-20,ST002,SEI003,0,0.0,0
2026-09-20,ST003,SOZ001,0,0.0,0
2026-09-20,ST003,SOZ002,0,0.0,0
2026-09-20,ST003,SOZ003,0,0.0,0
2026-09-20,ST003,SOZ004,0,0.0,0
2026-09-20,ST003,NIP001,8,0.0,0
2026-09-20,ST003,NIP002,6,0.0,0
2026-09-20,ST003,NIP003,2,0.0,0
2026-09-20,ST003,NIP004,8,0.0,0
2026-09-20,ST003,NIP005,0,0.6,280
2026-09-20,ST003,SEI001,0,0.5,320
2026-09-20,ST003,SEI002,0,0.5,220
2026-09-20,ST003,SEI003,0,0.0,0
2026-09-20,ST004,SOZ001,0,0.0,0
2026-09-20,ST004,SOZ002,0,0.0,0
2026-09-20,ST004,SOZ003,0,0.0,0
2026-09-20,ST004,SOZ004,0,0.0,0
2026-09-20,ST004,NIP001,0,0.3,260
2026-09-20,ST004,NIP002,0,0.9,780
2026-09-20,ST004,NIP003,9,0.0,0
2026-09-20,ST004,NIP004,0,0.0,0
2026-09-20,ST004,NIP005,2,0.0,0
2026-09-20,ST004,SEI001,0,0.0,0
2026-09-20,ST004,SEI002,0,0.0,0
2026-09-20,ST004,SEI003,0,0.0,0
2026-09-20,ST005,SOZ001,0,0.0,0
2026-09-20,ST005,SOZ002,0,0.0,0
2026-09-20,ST005,SOZ003,0,0.0,0
2026-09-20,ST005,SOZ004,0,0.0,0
2026-09-20,ST005,NIP001,3,0.0,0
2026-09-20,ST005,NIP002,2,0.0,0
2026-09-20,ST005,NIP003,0,0.3,80
2026-09-20,ST005,NIP004,9,0.0,0
2026-09-20,ST005,NIP005,11,0.0,0
2026-09-20,ST005,SEI001,0,0.0,0
2026-09-20,ST005,SEI002,0,0.0,0
2026-09-20,ST005,SEI003,0,0.0,0
2026-09-21,ST001,SOZ001,0,0.0,0
2026-09-21,ST001,SOZ002,0,0.0,0
2026-09-21,ST001,SOZ003,0,0.0,0
2026-09-21,ST001,SOZ004,0,0.4,180
2026-09-21,ST001,NIP001,0,0.0,0
2026-09-21,ST001,NIP002,10,0.0,0
2026-09-21,ST001,NIP003,0,0.3,80
2026-09-21,ST001,NIP004,7,0.0,0
2026-09-21,ST001,NIP005,3,0.0,0
2026-09-21,ST001,SEI001,0,0.0,0
2026-09-21,ST001,SEI002,0,0.0,0
2026-09-21,ST001,SEI003,0,0.0,0
2026-09-21,ST002,SOZ001,0,0.0,0
2026-09-21,ST002,SOZ002,0,0.0,0
2026-09-21,ST002,SOZ003,0,0.0,0
2026-09-21,ST002,SOZ004,0,0.0,0
2026-09-21,ST002,NIP001,9,0.0,0
2026-09-21,ST002,NIP002,1,0.0,0
2026-09-21,ST002,NIP003,9,0.0,0
2026-09-21,ST002,NIP004,5,0.0,0
2026-09-21,ST002,NIP005,4,0.0,0
2026-09-21,ST002,SEI001,0,0.0,0
2026-09-21,ST002,SEI002,0,0.0,0
2026-09-21,ST002,SEI003,0,0.0,0
2026-09-21,ST003,SOZ001,0,0.0,0
2026-09-21,ST003,SOZ002,0,0.4,360
2026-09-21,ST003,SOZ003,0,0.0,0
2026-09-21,ST003,SOZ004,0,0.4,180
2026-09-21,ST003,NIP001,7,0.0,0
2026-09-21,ST003,NIP002,6,0.0,0
2026-09-21,ST003,NIP003,8,0.0,0
2026-09-21,ST003,NIP004,7,0.0,0
2026-09-21,ST003,NIP005,5,0.0,0
2026-09-21,ST003,SEI001,0,0.0,0
2026-09-21,ST003,SEI002,0,0.0,0
2026-09-21,ST003,SEI003,0,0.0,0
2026-09-21,ST004,SOZ001,0,0.0,0
2026-09-21,ST004,SOZ002,0,1.6,1440
2026-09-21,ST004,SOZ003,0,0.0,0
2026-09-21,ST004,SOZ004,0,0.0,0
2026-09-21,ST004,NIP001,9,0.0,0
2026-09-21,ST004,NIP002,0,0.0,0
2026-09-21,ST004,NIP003,8,0.0,0
2026-09-21,ST004,NIP004,7,0.0,0
2026-09-21,ST004,NIP005,2,0.0,0
2026-09-21,ST004,SEI001,0,0.0,0
2026-09-21,ST004,SEI002,0,0.0,0
2026-09-21,ST004,SEI003,0,0.0,0
2026-09-21,ST005,SOZ001,0,0.0,0
2026-09-21,ST005,SOZ002,0,0.0,0
2026-09-21,ST005,SOZ003,0,0.8,900
2026-09-21,ST005,SOZ004,0,0.0,0
2026-09-21,ST005,NIP001,0,0.3,260
2026-09-21,ST005,NIP002,2,0.0,0
2026-09-21,ST005,NIP003,0,1.2,320
2026-09-21,ST005,NIP004,0,0.3,70
2026-09-21,ST005,NIP005,7,0.0,0
2026-09-21,ST005,SEI001,0,0.0,0
2026-09-21,ST005,SEI002,0,0.0,0
2026-09-21,ST005,SEI003,0,0.0,0
2026-09-22,ST001,SOZ001,0,0.0,0
2026-09-22,ST001,SOZ002,0,0.0,0
2026-09-22,ST001,SOZ003,0,0.0,0
2026-09-22,ST001,SOZ004,0,0.0,0
2026-09-22,ST001,NIP001,1,0.0,0
2026-09-22,ST001,NIP002,0,1.5,1300
2026-09-22,ST001,NIP003,0,0.6,160
2026-09-22,ST001,NIP004,8,0.0,0
2026-09-22,ST001,NIP005,11,0.0,0
2026-09-22,ST001,SEI001,0,0.0,0
2026-09-22,ST001,SEI002,0,0.0,0
2026-09-22,ST001,SEI003,0,0.0,0
2026-09-22,ST002,SOZ001,0,0.0,0
2026-09-22,ST002,SOZ002,0,0.0,0
2026-09-22,ST002,SOZ003,0,0.0,0
2026-09-22,ST002,SOZ004,0,0.0,0
2026-09-22,ST002,NIP001,0,5.7,4940
2026-09-22,ST002,NIP002,0,5.4,4680
2026-09-22,ST002,NIP003,0,4.8,1280
2026-09-22,ST002,NIP004,5,0.0,0
2026-09-22,ST002,NIP005,8,0.0,0
2026-09-22,ST002,SEI001,0,2.4,1600
2026-09-22,ST002,SEI002,0,0.0,0
2026-09-22,ST002,SEI003,0,3.4,1260
2026-09-22,ST003,SOZ001,0,0.0,0
2026-09-22,ST003,SOZ002,0,0.0,0
2026-09-22,ST003,SOZ003,0,0.0,0
2026-09-22,ST003,SOZ004,0,0.0,0
2026-09-22,ST003,NIP001,0,3.6,3120
2026-09-22,ST003,NIP002,0,3.6,3120
2026-09-22,ST003,NIP003,0,5.1,1360
2026-09-22,ST003,NIP004,7,0.0,0
2026-09-22,ST003,NIP005,0,0.0,0
2026-09-22,ST003,SEI001,0,5.3,3520
2026-09-22,ST003,SEI002,0,0.0,0
2026-09-22,ST003,SEI003,0,2.4,900
2026-09-22,ST004,SOZ001,0,0.0,0
2026-09-22,ST004,SOZ002,0,0.0,0
2026-09-22,ST004,SOZ003,0,0.0,0
2026-09-22,ST004,SOZ004,0,0.0,0
2026-09-22,ST004,NIP001,0,5.7,4940
2026-09-22,ST004,NIP002,0,4.2,3640
2026-09-22,ST004,NIP003,0,3.9,1040
2026-09-22,ST004,NIP004,5,0.0,0
2026-09-22,ST004,NIP005,0,0.3,140
2026-09-22,ST004,SEI001,0,3.8,2560
2026-09-22,ST004,SEI002,0,0.0,0
2026-09-22,ST004,SEI003,0,4.3,1620
2026-09-22,ST005,SOZ001,0,0.0,0
2026-09-22,ST005,SOZ002,0,0.0,0
2026-09-22,ST005,SOZ003,0,0.0,0
2026-09-22,ST005,SOZ004,0,0.0,0
2026-09-22,ST005,NIP001,0,1.8,1560
2026-09-22,ST005,NIP002,0,4.8,4160
2026-09-22,ST005,NIP003,0,6,1680
2026-09-22,ST005,NIP004,2,0.0,0
2026-09-22,ST005,NIP005,1,0.0,0
2026-09-22,ST005,SEI001,0,2.4,1600
2026-09-22,ST005,SEI002,0,0.0,0
2026-09-22,ST005,SEI003,0,0.5,180
2026-09-23,ST001,SOZ001,0,0.0,0
2026-09-23,ST001,SOZ002,0,0.0,0
2026-09-23,ST001,SOZ003,0,0.0,0
2026-09-23,ST001,SOZ004,0,0.0,0
2026-09-23,ST001,NIP001,0,0.3,260
2026-09-23,ST001,NIP002,0,0.0,0
2026-09-23,ST001,NIP003,6,0.0,0
2026-09-23,ST001,NIP004,2,0.0,0
2026-09-23,ST001,NIP005,7,0.0,0
2026-09-23,ST001,SEI001,0,0.0,0
2026-09-23,ST001,SEI002,0,0.0,0
2026-09-23,ST001,SEI003,0,0.0,0
2026-09-23,ST002,SOZ001,0,0.0,0
2026-09-23,ST002,SOZ002,0,0.4,360
2026-09-23,ST002,SOZ003,0,0.0,0
2026-09-23,ST002,SOZ004,0,0.0,0
2026-09-23,ST002,NIP001,5,0.0,0
2026-09-23,ST002,NIP002,4,0.0,0
2026-09-23,ST002,NIP003,9,0.0,0
2026-09-23,ST002,NIP004,0,0.3,70
2026-09-23,ST002,NIP005,5,0.0,0
2026-09-23,ST002,SEI001,0,0.0,0
2026-09-23,ST002,SEI002,0,0.0,0
2026-09-23,ST002,SEI003,0,0.0,0
2026-09-23,ST003,SOZ001,0,0.0,0
2026-09-23,ST003,SOZ002,0,0.0,0
2026-09-23,ST003,SOZ003,0,0.0,0
2026-09-23,ST003,SOZ004,0,0.0,0
2026-09-23,ST003,NIP001,7,0.0,0
2026-09-23,ST003,NIP002,5,0.0,0
2026-09-23,ST003,NIP003,11,0.0,0
2026-09-23,ST003,NIP004,3,0.0,0
2026-09-23,ST003,NIP005,9,0.0,0
2026-09-23,ST003,SEI001,0,0.0,0
2026-09-23,ST003,SEI002,0,0.0,0
2026-09-23,ST003,SEI003,0,0.0,0
2026-09-23,ST004,SOZ001,0,0.0,0
2026-09-23,ST004,SOZ002,0,0.0,0
2026-09-23,ST004,SOZ003,0,0.0,0
2026-09-23,ST004,SOZ004,0,0.0,0
2026-09-23,ST004,NIP001,5,0.0,0
2026-09-23,ST004,NIP002,2,0.0,0
2026-09-23,ST004,NIP003,7,0.0,0
2026-09-23,ST004,NIP004,9,0.0,0
2026-09-23,ST004,NIP005,5,0.0,0
2026-09-23,ST004,SEI001,0,0.0,0
2026-09-23,ST004,SEI002,0,0.0,0
2026-09-23,ST004,SEI003,0,0.5,180
2026-09-23,ST005,SOZ001,0,0.4,480
2026-09-23,ST005,SOZ002,0,0.0,0
2026-09-23,ST005,SOZ003,0,0.0,0
2026-09-23,ST005,SOZ004,0,0.0,0
2026-09-23,ST005,NIP001,7,0.0,0
2026-09-23,ST005,NIP002,0,0.6,520
2026-09-23,ST005,NIP003,4,0.0,0
2026-09-23,ST005,NIP004,9,0.0,0
2026-09-23,ST005,NIP005,7,0.0,0
2026-09-23,ST005,SEI001,0,0.0,0
2026-09-23,ST005,SEI002,0,0.0,0
2026-09-23,ST005,SEI003,0,0.0,0
2026-09-24,ST001,SOZ001,0,0.0,0
2026-09-24,ST001,SOZ002,0,0.0,0
2026-09-24,ST001,SOZ003,0,0.4,450
2026-09-24,ST001,SOZ004,0,0.0,0
2026-09-24,ST001,NIP001,2,0.0,0
2026-09-24,ST001,NIP002,6,0.0,0
2026-09-24,ST001,NIP003,10,0.0,0
2026-09-24,ST001,NIP004,6,0.0,0
2026-09-24,ST001,NIP005,6,0.0,0
2026-09-24,ST001,SEI001,0,0.0,0
2026-09-24,ST001,SEI002,0,0.0,0
2026-09-24,ST001,SEI003,0,0.0,0
2026-09-24,ST002,SOZ001,0,0.0,0
2026-09-24,ST002,SOZ002,0,0.0,0
2026-09-24,ST002,SOZ003,0,0.0,0
2026-09-24,ST002,SOZ004,0,0.0,0
2026-09-24,ST002,NIP001,4,0.0,0
2026-09-24,ST002,NIP002,6,0.0,0
2026-09-24,ST002,NIP003,6,0.0,0
2026-09-24,ST002,NIP004,0,0.0,0
2026-09-24,ST002,NIP005,10,0.0,0
2026-09-24,ST002,SEI001,0,0.0,0
2026-09-24,ST002,SEI002,0,0.0,0
2026-09-24,ST002,SEI003,0,0.0,0
2026-09-24,ST003,SOZ001,0,0.0,0
2026-09-24,ST003,SOZ002,0,0.0,0
2026-09-24,ST003,SOZ003,0,0.0,0
2026-09-24,ST003,SOZ004,0,0.0,0
2026-09-24,ST003,NIP001,0,0.0,0
2026-09-24,ST003,NIP002,3,0.0,0
2026-09-24,ST003,NIP003,9,0.0,0
2026-09-24,ST003,NIP004,4,0.0,0
2026-09-24,ST003,NIP005,11,0.0,0
2026-09-24,ST003,SEI001,0,0.0,0
2026-09-24,ST003,SEI002,0,0.0,0
2026-09-24,ST003,SEI003,0,0.0,0
2026-09-24,ST004,SOZ001,0,0.0,0
2026-09-24,ST004,SOZ002,0,0.4,360
2026-09-24,ST004,SOZ003,0,0.4,450
2026-09-24,ST004,SOZ004,0,0.0,0
2026-09-24,ST004,NIP001,6,0.0,0
2026-09-24,ST004,NIP002,6,0.0,0
2026-09-24,ST004,NIP003,9,0.0,0
2026-09-24,ST004,NIP004,7,0.0,0
2026-09-24,ST004,NIP005,0,0.3,140
2026-09-24,ST004,SEI001,0,0.0,0
2026-09-24,ST004,SEI002,0,0.0,0
2026-09-24,ST004,SEI003,0,0.0,0
2026-09-24,ST005,SOZ001,0,0.0,0
2026-09-24,ST005,SOZ002,0,0.0,0
2026-09-24,ST005,SOZ003,0,0.0,0
2026-09-24,ST005,SOZ004,0,0.4,180
2026-09-24,ST005,NIP001,8,0.0,0
2026-09-24,ST005,NIP002,7,0.0,0
2026-09-24,ST005,NIP003,6,0.0,0
2026-09-24,ST005,NIP004,1,0.0,0
2026-09-24,ST005,NIP005,3,0.0,0
2026-09-24,ST005,SEI001,0,0.0,0
2026-09-24,ST005,SEI002,0,0.0,0
2026-09-24,ST005,SEI003,0,0.0,0
2026-09-25,ST001,SOZ001,0,0.0,0
2026-09-25,ST001,SOZ002,0,0.0,0
2026-09-25,ST001,SOZ003,0,0.0,0
2026-09-25,ST001,SOZ004,0,0.0,0
2026-09-25,ST001,NIP001,0,0.6,520
2026-09-25,ST001,NIP002,2,0.0,0
2026-09-25,ST001,NIP003,3,0.0,0
2026-09-25,ST001,NIP004,0,0.9,210
2026-09-25,ST001,NIP005,3,0.0,0
2026-09-25,ST001,SEI001,0,0.0,0
2026-09-25,ST001,SEI002,0,0.0,0
2026-09-25,ST001,SEI003,0,0.5,180
2026-09-25,ST002,SOZ001,0,0.0,0
2026-09-25,ST002,SOZ002,0,0.0,0
2026-09-25,ST002,SOZ003,0,0.0,0
2026-09-25,ST002,SOZ004,0,0.0,0
2026-09-25,ST002,NIP001,0,0.3,260
2026-09-25,ST002,NIP002,10,0.0,0
2026-09-25,ST002,NIP003,4,0.0,0
2026-09-25,ST002,NIP004,0,0.0,0
2026-09-25,ST002,NIP005,13,0.0,0
2026-09-25,ST002,SEI001,0,0.0,0
2026-09-25,ST002,SEI002,0,0.0,0
2026-09-25,ST002,SEI003,0,0.0,0
2026-09-25,ST003,SOZ001,0,0.0,0
2026-09-25,ST003,SOZ002,0,0.0,0
2026-09-25,ST003,SOZ003,0,0.0,0
2026-09-25,ST003,SOZ004,0,0.0,0
2026-09-25,ST003,NIP001,0,0.6,520
2026-09-25,ST003,NIP002,5,0.0,0
2026-09-25,ST003,NIP003,2,0.0,0
2026-09-25,ST003,NIP004,4,0.0,0
2026-09-25,ST003,NIP005,6,0.0,0
2026-09-25,ST003,SEI001,0,0.0,0
2026-09-25,ST003,SEI002,0,0.0,0
2026-09-25,ST003,SEI003,0,0.0,0
2026-09-25,ST004,SOZ001,0,0.0,0
2026-09-25,ST004,SOZ002,0,0.0,0
2026-09-25,ST004,SOZ003,0,0.8,900
2026-09-25,ST004,SOZ004,0,0.4,180
2026-09-25,ST004,NIP001,13,0.0,0
2026-09-25,ST004,NIP002,1,0.0,0
2026-09-25,ST004,NIP003,8,0.0,0
2026-09-25,ST004,NIP004,3,0.0,0
2026-09-25,ST004,NIP005,5,0.0,0
2026-09-25,ST004,SEI001,0,0.0,0
2026-09-25,ST004,SEI002,0,0.0,0
2026-09-25,ST004,SEI003,0,1.4,540
2026-09-25,ST005,SOZ001,0,0.0,0
2026-09-25,ST005,SOZ002,0,0.8,720
2026-09-25,ST005,SOZ003,0,0.4,450
2026-09-25,ST005,SOZ004,0,0.0,0
2026-09-25,ST005,NIP001,5,0.0,0
2026-09-25,ST005,NIP002,5,0.0,0
2026-09-25,ST005,NIP003,6,0.0,0
2026-09-25,ST005,NIP004,0,0.9,210
2026-09-25,ST005,NIP005,6,0.0,0
2026-09-25,ST005,SEI001,0,0.5,320
2026-09-25,ST005,SEI002,0,0.0,0
2026-09-25,ST005,SEI003,0,0.0,0
2026-09-26,ST001,SOZ001,0,0.0,0
2026-09-26,ST001,SOZ002,0,0.0,0
2026-09-26,ST001,SOZ003,0,0.0,0
2026-09-26,ST001,SOZ004,0,0.0,0
2026-09-26,ST001,NIP001,8,0.0,0
2026-09-26,ST001,NIP002,0,0.3,260
2026-09-26,ST001,NIP003,11,0.0,0
2026-09-26,ST001,NIP004,2,0.0,0
2026-09-26,ST001,NIP005,6,0.0,0
2026-09-26,ST001,SEI001,0,0.5,320
2026-09-26,ST001,SEI002,0,0.0,0
2026-09-26,ST001,SEI003,0,0.5,180
2026-09-26,ST002,SOZ001,0,1.2,1440
2026-09-26,ST002,SOZ002,0,0.0,0
2026-09-26,ST002,SOZ003,0,0.0,0
2026-09-26,ST002,SOZ004,0,0.0,0
2026-09-26,ST002,NIP001,0,5.7,4940
2026-09-26,ST002,NIP002,0,5.7,4940
2026-09-26,ST002,NIP003,0,6,2000
2026-09-26,ST002,NIP004,6,0.0,0
2026-09-26,ST002,NIP005,2,0.0,0
2026-09-26,ST002,SEI001,0,4.3,2880
2026-09-26,ST002,SEI002,0,0.0,0
2026-09-26,ST002,SEI003,0,1.9,720
2026-09-26,ST003,SOZ001,0,0.0,0
2026-09-26,ST003,SOZ002,0,0.0,0
2026-09-26,ST003,SOZ003,0,0.8,900
2026-09-26,ST003,SOZ004,0,0.0,0
2026-09-26,ST003,NIP001,0,3.3,2860
2026-09-26,ST003,NIP002,0,5.7,4940
2026-09-26,ST003,NIP003,0,5.7,1520
2026-09-26,ST003,NIP004,0,0.3,70
2026-09-26,ST003,NIP005,0,1.5,700
2026-09-26,ST003,SEI001,0,5.3,3520
2026-09-26,ST003,SEI002,0,0.0,0
2026-09-26,ST003,SEI003,0,4.3,1620
2026-09-26,ST004,SOZ001,0,0.0,0
2026-09-26,ST004,SOZ002,0,0.0,0
2026-09-26,ST004,SOZ003,0,0.0,0
2026-09-26,ST004,SOZ004,0,0.0,0
2026-09-26,ST004,NIP001,0,5.1,4420
2026-09-26,ST004,NIP002,0,5.7,4940
2026-09-26,ST004,NIP003,0,4.2,1120
2026-09-26,ST004,NIP004,8,0.0,0
2026-09-26,ST004,NIP005,0,1.2,560
2026-09-26,ST004,SEI001,0,4.8,3200
2026-09-26,ST004,SEI002,0,0.0,0
2026-09-26,ST004,SEI003,0,0.5,180
2026-09-26,ST005,SOZ001,0,0.0,0
2026-09-26,ST005,SOZ002,0,0.0,0
2026-09-26,ST005,SOZ003,0,1.6,1800
2026-09-26,ST005,SOZ004,0,0.0,0
2026-09-26,ST005,NIP001,0,4.2,3640
2026-09-26,ST005,NIP002,0,2.7,2340
2026-09-26,ST005,NIP003,0,3.9,1040
2026-09-26,ST005,NIP004,1,0.0,0
2026-09-26,ST005,NIP005,4,0.0,0
2026-09-26,ST005,SEI001,0,1.4,960
2026-09-26,ST005,SEI002,0,0.5,220
2026-09-26,ST005,SEI003,0,0.5,180
