order_id,order_date,delivery_date,store_cd,product_cd,ai_recommended_qty,final_order_qty,manager_memo
ORD000001,2026-09-19,2026-09-20,ST001,SOZ001,30,30,通常発注
ORD000002,2026-09-19,2026-09-20,ST001,SOZ002,30,30,通常発注
ORD000003,2026-09-19,2026-09-20,ST001,SOZ003,30,30,通常発注
ORD000004,2026-09-19,2026-09-20,ST001,SOZ004,30,30,通常発注
ORD000005,2026-09-19,2026-09-20,ST001,NIP001,40,40,通常発注
ORD000006,2026-09-19,2026-09-20,ST001,NIP002,40,40,通常発注
ORD000007,2026-09-19,2026-09-20,ST001,NIP003,40,40,通常発注
ORD000008,2026-09-19,2026-09-20,ST001,NIP004,40,40,通常発注
ORD000009,2026-09-19,2026-09-20,ST001,NIP005,40,40,通常発注
ORD000010,2026-09-19,2026-09-20,ST001,SEI001,25,25,通常発注
ORD000011,2026-09-19,2026-09-20,ST001,SEI002,25,25,通常発注
ORD000012,2026-09-19,2026-09-20,ST001,SEI003,25,25,通常発注
ORD000013,2026-09-19,2026-09-20,ST002,SOZ001,30,28,通常発注
ORD000014,2026-09-19,2026-09-20,ST002,SOZ002,30,29,通常発注
ORD000015,2026-09-19,2026-09-20,ST002,SOZ003,30,30,通常発注
ORD000016,2026-09-19,2026-09-20,ST002,SOZ004,30,30,通常発注
ORD000017,2026-09-19,2026-09-20,ST002,NIP001,40,38,通常発注
ORD000018,2026-09-19,2026-09-20,ST002,NIP002,40,41,通常発注
ORD000019,2026-09-19,2026-09-20,ST002,NIP003,40,42,通常発注
ORD000020,2026-09-19,2026-09-20,ST002,NIP004,40,42,通常発注
ORD000021,2026-09-19,2026-09-20,ST002,NIP005,40,41,通常発注
ORD000022,2026-09-19,2026-09-20,ST002,SEI001,25,24,通常発注
ORD000023,2026-09-19,2026-09-20,ST002,SEI002,25,25,通常発注
ORD000024,2026-09-19,2026-09-20,ST002,SEI003,25,23,通常発注
ORD000025,2026-09-19,2026-09-20,ST003,SOZ001,30,29,通常発注
ORD000026,2026-09-19,2026-09-20,ST003,SOZ002,30,32,通常発注
ORD000027,2026-09-19,2026-09-20,ST003,SOZ003,30,27,通常発注
ORD000028,2026-09-19,2026-09-20,ST003,SOZ004,30,27,通常発注
ORD000029,2026-09-19,2026-09-20,ST003,NIP001,40,39,通常発注
ORD000030,2026-09-19,2026-09-20,ST003,NIP002,40,37,通常発注
ORD000031,2026-09-19,2026-09-20,ST003,NIP003,40,39,通常発注
ORD000032,2026-09-19,2026-09-20,ST003,NIP004,40,43,通常発注
ORD000033,2026-09-19,2026-09-20,ST003,NIP005,40,36,通常発注
ORD000034,2026-09-19,2026-09-20,ST003,SEI001,25,23,通常発注
ORD000035,2026-09-19,2026-09-20,ST003,SEI002,25,24,通常発注
ORD000036,2026-09-19,2026-09-20,ST003,SEI003,25,25,通常発注
ORD000037,2026-09-19,2026-09-20,ST004,SOZ001,30,32,通常発注
ORD000038,2026-09-19,2026-09-20,ST004,SOZ002,30,27,通常発注
ORD000039,2026-09-19,2026-09-20,ST004,SOZ003,30,29,通常発注
ORD000040,2026-09-19,2026-09-20,ST004,SOZ004,30,29,通常発注
ORD000041,2026-09-19,2026-09-20,ST004,NIP001,40,42,通常発注
ORD000042,2026-09-19,2026-09-20,ST004,NIP002,40,38,通常発注
ORD000043,2026-09-19,2026-09-20,ST004,NIP003,40,42,通常発注
ORD000044,2026-09-19,2026-09-20,ST004,NIP004,40,39,通常発注
ORD000045,2026-09-19,2026-09-20,ST004,NIP005,40,43,通常発注
ORD000046,2026-09-19,2026-09-20,ST004,SEI001,25,23,通常発注
ORD000047,2026-09-19,2026-09-20,ST004,SEI002,25,24,通常発注
ORD000048,2026-09-19,2026-09-20,ST004,SEI003,25,25,通常発注
ORD000049,2026-09-19,2026-09-20,ST005,SOZ001,30,29,通常発注
ORD000050,2026-09-19,2026-09-20,ST005,SOZ002,30,32,通常発注
ORD000051,2026-09-19,2026-09-20,ST005,SOZ003,30,32,通常発注
ORD000052,2026-09-19,2026-09-20,ST005,SOZ004,30,29,通常発注
ORD000053,2026-09-19,2026-09-20,ST005,NIP001,40,40,通常発注
ORD000054,2026-09-19,2026-09-20,ST005,NIP002,40,36,通常発注
ORD000055,2026-09-19,2026-09-20,ST005,NIP003,40,37,通常発注
ORD000056,2026-09-19,2026-09-20,ST005,NIP004,40,41,通常発注
ORD000057,2026-09-19,2026-09-20,ST005,NIP005,40,43,通常発注
ORD000058,2026-09-19,2026-09-20,ST005,SEI001,25,23,通常発注
ORD000059,2026-09-19,2026-09-20,ST005,SEI002,25,23,通常発注
ORD000060,2026-09-19,2026-09-20,ST005,SEI003,25,24,通常発注
ORD000061,2026-09-20,2026-09-21,ST001,SOZ001,30,30,通常発注
ORD000062,2026-09-20,2026-09-21,ST001,SOZ002,30,30,通常発注
ORD000063,2026-09-20,2026-09-21,ST001,SOZ003,30,30,通常発注
ORD000064,2026-09-20,2026-09-21,ST001,SOZ004,30,30,通常発注
ORD000065,2026-09-20,2026-09-21,ST001,NIP001,40,40,通常発注
ORD000066,2026-09-20,2026-09-21,ST001,NIP002,40,40,通常発注
ORD000067,2026-09-20,2026-09-21,ST001,NIP003,40,40,通常発注
ORD000068,2026-09-20,2026-09-21,ST001,NIP004,40,40,通常発注
ORD000069,2026-09-20,2026-09-21,ST001,NIP005,40,40,通常発注
ORD000070,2026-09-20,2026-09-21,ST001,SEI001,25,25,通常発注
ORD000071,2026-09-20,2026-09-21,ST001,SEI002,25,25,通常発注
ORD000072,2026-09-20,2026-09-21,ST001,SEI003,25,25,通常発注
ORD000073,2026-09-20,2026-09-21,ST002,SOZ001,30,32,通常発注
ORD000074,2026-09-20,2026-09-21,ST002,SOZ002,30,32,通常発注
ORD000075,2026-09-20,2026-09-21,ST002,SOZ003,30,29,通常発注
ORD000076,2026-09-20,2026-09-21,ST002,SOZ004,30,32,通常発注
ORD000077,2026-09-20,2026-09-21,ST002,NIP001,40,43,通常発注
ORD000078,2026-09-20,2026-09-21,ST002,NIP002,40,42,通常発注
ORD000079,2026-09-20,2026-09-21,ST002,NIP003,40,43,通常発注
ORD000080,2026-09-20,2026-09-21,ST002,NIP004,40,38,通常発注
ORD000081,2026-09-20,2026-09-21,ST002,NIP005,40,40,通常発注
ORD000082,2026-09-20,2026-09-21,ST002,SEI001,25,25,通常発注
ORD000083,2026-09-20,2026-09-21,ST002,SEI002,25,25,通常発注
ORD000084,2026-09-20,2026-09-21,ST002,SEI003,25,22,通常発注
ORD000085,2026-09-20,2026-09-21,ST003,SOZ001,30,32,通常発注
ORD000086,2026-09-20,2026-09-21,ST003,SOZ002,30,27,通常発注
ORD000087,2026-09-20,2026-09-21,ST003,SOZ003,30,30,通常発注
ORD000088,2026-09-20,2026-09-21,ST003,SOZ004,30,28,通常発注
ORD000089,2026-09-20,2026-09-21,ST003,NIP001,40,39,通常発注
ORD000090,2026-09-20,2026-09-21,ST003,NIP002,40,43,通常発注
ORD000091,2026-09-20,2026-09-21,ST003,NIP003,40,40,通常発注
ORD000092,2026-09-20,2026-09-21,ST003,NIP004,40,37,通常発注
ORD000093,2026-09-20,2026-09-21,ST003,NIP005,40,38,通常発注
ORD000094,2026-09-20,2026-09-21,ST003,SEI001,25,24,通常発注
ORD000095,2026-09-20,2026-09-21,ST003,SEI002,25,25,通常発注
ORD000096,2026-09-20,2026-09-21,ST003,SEI003,25,27,通常発注
ORD000097,2026-09-20,2026-09-21,ST004,SOZ001,30,30,通常発注
ORD000098,2026-09-20,2026-09-21,ST004,SOZ002,30,27,通常発注
ORD000099,2026-09-20,2026-09-21,ST004,SOZ003,30,31,通常発注
ORD000100,2026-09-20,2026-09-21,ST004,SOZ004,30,30,通常発注
ORD000101,2026-09-20,2026-09-21,ST004,NIP001,40,41,通常発注
ORD000102,2026-09-20,2026-09-21,ST004,NIP002,40,38,通常発注
ORD000103,2026-09-20,2026-09-21,ST004,NIP003,40,39,通常発注
ORD000104,2026-09-20,2026-09-21,ST004,NIP004,40,38,通常発注
ORD000105,2026-09-20,2026-09-21,ST004,NIP005,40,38,通常発注
ORD000106,2026-09-20,2026-09-21,ST004,SEI001,25,24,通常発注
ORD000107,2026-09-20,2026-09-21,ST004,SEI002,25,27,通常発注
ORD000108,2026-09-20,2026-09-21,ST004,SEI003,25,26,通常発注
ORD000109,2026-09-20,2026-09-21,ST005,SOZ001,30,27,通常発注
ORD000110,2026-09-20,2026-09-21,ST005,SOZ002,30,31,通常発注
ORD000111,2026-09-20,2026-09-21,ST005,SOZ003,30,28,通常発注
ORD000112,2026-09-20,2026-09-21,ST005,SOZ004,30,29,通常発注
ORD000113,2026-09-20,2026-09-21,ST005,NIP001,40,41,通常発注
ORD000114,2026-09-20,2026-09-21,ST005,NIP002,40,43,通常発注
ORD000115,2026-09-20,2026-09-21,ST005,NIP003,40,36,通常発注
ORD000116,2026-09-20,2026-09-21,ST005,NIP004,40,39,通常発注
ORD000117,2026-09-20,2026-09-21,ST005,NIP005,40,42,通常発注
ORD000118,2026-09-20,2026-09-21,ST005,SEI001,25,22,通常発注
ORD000119,2026-09-20,2026-09-21,ST005,SEI002,25,26,通常発注
ORD000120,2026-09-20,2026-09-21,ST005,SEI003,25,26,通常発注
ORD000121,2026-09-21,2026-09-22,ST001,SOZ001,30,30,通常発注
ORD000122,2026-09-21,2026-09-22,ST001,SOZ002,30,30,通常発注
ORD000123,2026-09-21,2026-09-22,ST001,SOZ003,30,30,通常発注
ORD000124,2026-09-21,2026-09-22,ST001,SOZ004,30,30,通常発注
ORD000125,2026-09-21,2026-09-22,ST001,NIP001,58,58,気温急変のAI提案を採用
ORD000126,2026-09-21,2026-09-22,ST001,NIP002,58,58,気温急変のAI提案を採用
ORD000127,2026-09-21,2026-09-22,ST001,NIP003,58,58,気温急変のAI提案を採用
ORD000128,2026-09-21,2026-09-22,ST001,NIP004,40,40,通常発注
ORD000129,2026-09-21,2026-09-22,ST001,NIP005,40,40,通常発注
ORD000130,2026-09-21,2026-09-22,ST001,SEI001,36,36,気温急変のAI提案を採用
ORD000131,2026-09-21,2026-09-22,ST001,SEI002,25,25,通常発注
ORD000132,2026-09-21,2026-09-22,ST001,SEI003,36,36,気温急変のAI提案を採用
ORD000133,2026-09-21,2026-09-22,ST002,SOZ001,30,31,通常発注
ORD000134,2026-09-21,2026-09-22,ST002,SOZ002,30,31,通常発注
ORD000135,2026-09-21,2026-09-22,ST002,SOZ003,30,27,通常発注
ORD000136,2026-09-21,2026-09-22,ST002,SOZ004,30,30,通常発注
ORD000137,2026-09-21,2026-09-22,ST002,NIP001,58,38,前週並みで据え置き
ORD000138,2026-09-21,2026-09-22,ST002,NIP002,58,38,前週並みで据え置き
ORD000139,2026-09-21,2026-09-22,ST002,NIP003,58,37,前週並みで据え置き
ORD000140,2026-09-21,2026-09-22,ST002,NIP004,40,43,通常発注
ORD000141,2026-09-21,2026-09-22,ST002,NIP005,40,42,通常発注
ORD000142,2026-09-21,2026-09-22,ST002,SEI001,36,24,前週並みで据え置き
ORD000143,2026-09-21,2026-09-22,ST002,SEI002,25,24,通常発注
ORD000144,2026-09-21,2026-09-22,ST002,SEI003,36,26,前週並みで据え置き
ORD000145,2026-09-21,2026-09-22,ST003,SOZ001,30,28,通常発注
ORD000146,2026-09-21,2026-09-22,ST003,SOZ002,30,32,通常発注
ORD000147,2026-09-21,2026-09-22,ST003,SOZ003,30,28,通常発注
ORD000148,2026-09-21,2026-09-22,ST003,SOZ004,30,27,通常発注
ORD000149,2026-09-21,2026-09-22,ST003,NIP001,58,42,前週並みで据え置き
ORD000150,2026-09-21,2026-09-22,ST003,NIP002,58,41,前週並みで据え置き
ORD000151,2026-09-21,2026-09-22,ST003,NIP003,58,39,前週並みで据え置き
ORD000152,2026-09-21,2026-09-22,ST003,NIP004,40,41,通常発注
ORD000153,2026-09-21,2026-09-22,ST003,NIP005,40,42,通常発注
ORD000154,2026-09-21,2026-09-22,ST003,SEI001,36,23,前週並みで据え置き
ORD000155,2026-09-21,2026-09-22,ST003,SEI002,25,23,通常発注
ORD000156,2026-09-21,2026-09-22,ST003,SEI003,36,26,前週並みで据え置き
ORD000157,2026-09-21,2026-09-22,ST004,SOZ001,30,32,通常発注
ORD000158,2026-09-21,2026-09-22,ST004,SOZ002,30,30,通常発注
ORD000159,2026-09-21,2026-09-22,ST004,SOZ003,30,29,通常発注
ORD000160,2026-09-21,2026-09-22,ST004,SOZ004,30,32,通常発注
ORD000161,2026-09-21,2026-09-22,ST004,NIP001,58,40,前週並みで据え置き
ORD000162,2026-09-21,2026-09-22,ST004,NIP002,58,36,前週並みで据え置き
ORD000163,2026-09-21,2026-09-22,ST004,NIP003,58,38,前週並みで据え置き
ORD000164,2026-09-21,2026-09-22,ST004,NIP004,40,37,通常発注
ORD000165,2026-09-21,2026-09-22,ST004,NIP005,40,36,通常発注
ORD000166,2026-09-21,2026-09-22,ST004,SEI001,36,24,前週並みで据え置き
ORD000167,2026-09-21,2026-09-22,ST004,SEI002,25,24,通常発注
ORD000168,2026-09-21,2026-09-22,ST004,SEI003,36,26,前週並みで据え置き
ORD000169,2026-09-21,2026-09-22,ST005,SOZ001,30,32,通常発注
ORD000170,2026-09-21,2026-09-22,ST005,SOZ002,30,32,通常発注
ORD000171,2026-09-21,2026-09-22,ST005,SOZ003,30,31,通常発注
ORD000172,2026-09-21,2026-09-22,ST005,SOZ004,30,28,通常発注
ORD000173,2026-09-21,2026-09-22,ST005,NIP001,58,38,前週並みで据え置き
ORD000174,2026-09-21,2026-09-22,ST005,NIP002,58,42,前週並みで据え置き
ORD000175,2026-09-21,2026-09-22,ST005,NIP003,58,40,前週並みで据え置き
ORD000176,2026-09-21,2026-09-22,ST005,NIP004,40,41,通常発注
ORD000177,2026-09-21,2026-09-22,ST005,NIP005,40,37,通常発注
ORD000178,2026-09-21,2026-09-22,ST005,SEI001,36,23,前週並みで据え置き
ORD000179,2026-09-21,2026-09-22,ST005,SEI002,25,24,通常発注
ORD000180,2026-09-21,2026-09-22,ST005,SEI003,36,27,前週並みで据え置き
ORD000181,2026-09-22,2026-09-23,ST001,SOZ001,30,30,通常発注
ORD000182,2026-09-22,2026-09-23,ST001,SOZ002,30,30,通常発注
ORD000183,2026-09-22,2026-09-23,ST001,SOZ003,30,30,通常発注
ORD000184,2026-09-22,2026-09-23,ST001,SOZ004,30,30,通常発注
ORD000185,2026-09-22,2026-09-23,ST001,NIP001,40,40,通常発注
ORD000186,2026-09-22,2026-09-23,ST001,NIP002,40,40,通常発注
ORD000187,2026-09-22,2026-09-23,ST001,NIP003,40,40,通常発注
ORD000188,2026-09-22,2026-09-23,ST001,NIP004,40,40,通常発注
ORD000189,2026-09-22,2026-09-23,ST001,NIP005,40,40,通常発注
ORD000190,2026-09-22,2026-09-23,ST001,SEI001,25,25,通常発注
ORD000191,2026-09-22,2026-09-23,ST001,SEI002,25,25,通常発注
ORD000192,2026-09-22,2026-09-23,ST001,SEI003,25,25,通常発注
ORD000193,2026-09-22,2026-09-23,ST002,SOZ001,30,32,通常発注
ORD000194,2026-09-22,2026-09-23,ST002,SOZ002,30,27,通常発注
ORD000195,2026-09-22,2026-09-23,ST002,SOZ003,30,27,通常発注
ORD000196,2026-09-22,2026-09-23,ST002,SOZ004,30,32,通常発注
ORD000197,2026-09-22,2026-09-23,ST002,NIP001,40,41,通常発注
ORD000198,2026-09-22,2026-09-23,ST002,NIP002,40,42,通常発注
ORD000199,2026-09-22,2026-09-23,ST002,NIP003,40,42,通常発注
ORD000200,2026-09-22,2026-09-23,ST002,NIP004,40,40,通常発注
ORD000201,2026-09-22,2026-09-23,ST002,NIP005,40,39,通常発注
ORD000202,2026-09-22,2026-09-23,ST002,SEI001,25,25,通常発注
ORD000203,2026-09-22,2026-09-23,ST002,SEI002,25,26,通常発注
ORD000204,2026-09-22,2026-09-23,ST002,SEI003,25,24,通常発注
ORD000205,2026-09-22,2026-09-23,ST003,SOZ001,30,29,通常発注
ORD000206,2026-09-22,2026-09-23,ST003,SOZ002,30,32,通常発注
ORD000207,2026-09-22,2026-09-23,ST003,SOZ003,30,31,通常発注
ORD000208,2026-09-22,2026-09-23,ST003,SOZ004,30,28,通常発注
ORD000209,2026-09-22,2026-09-23,ST003,NIP001,40,39,通常発注
ORD000210,2026-09-22,2026-09-23,ST003,NIP002,40,41,通常発注
ORD000211,2026-09-22,2026-09-23,ST003,NIP003,40,42,通常発注
ORD000212,2026-09-22,2026-09-23,ST003,NIP004,40,38,通常発注
ORD000213,2026-09-22,2026-09-23,ST003,NIP005,40,43,通常発注
ORD000214,2026-09-22,2026-09-23,ST003,SEI001,25,25,通常発注
ORD000215,2026-09-22,2026-09-23,ST003,SEI002,25,26,通常発注
ORD000216,2026-09-22,2026-09-23,ST003,SEI003,25,23,通常発注
ORD000217,2026-09-22,2026-09-23,ST004,SOZ001,30,29,通常発注
ORD000218,2026-09-22,2026-09-23,ST004,SOZ002,30,28,通常発注
ORD000219,2026-09-22,2026-09-23,ST004,SOZ003,30,30,通常発注
ORD000220,2026-09-22,2026-09-23,ST004,SOZ004,30,29,通常発注
ORD000221,2026-09-22,2026-09-23,ST004,NIP001,40,39,通常発注
ORD000222,2026-09-22,2026-09-23,ST004,NIP002,40,36,通常発注
ORD000223,2026-09-22,2026-09-23,ST004,NIP003,40,41,通常発注
ORD000224,2026-09-22,2026-09-23,ST004,NIP004,40,41,通常発注
ORD000225,2026-09-22,2026-09-23,ST004,NIP005,40,43,通常発注
ORD000226,2026-09-22,2026-09-23,ST004,SEI001,25,26,通常発注
ORD000227,2026-09-22,2026-09-23,ST004,SEI002,25,23,通常発注
ORD000228,2026-09-22,2026-09-23,ST004,SEI003,25,23,通常発注
ORD000229,2026-09-22,2026-09-23,ST005,SOZ001,30,30,通常発注
ORD000230,2026-09-22,2026-09-23,ST005,SOZ002,30,31,通常発注
ORD000231,2026-09-22,2026-09-23,ST005,SOZ003,30,30,通常発注
ORD000232,2026-09-22,2026-09-23,ST005,SOZ004,30,29,通常発注
ORD000233,2026-09-22,2026-09-23,ST005,NIP001,40,42,通常発注
ORD000234,2026-09-22,2026-09-23,ST005,NIP002,40,39,通常発注
ORD000235,2026-09-22,2026-09-23,ST005,NIP003,40,41,通常発注
ORD000236,2026-09-22,2026-09-23,ST005,NIP004,40,40,通常発注
ORD000237,2026-09-22,2026-09-23,ST005,NIP005,40,37,通常発注
ORD000238,2026-09-22,2026-09-23,ST005,SEI001,25,26,通常発注
ORD000239,2026-09-22,2026-09-23,ST005,SEI002,25,24,通常発注
ORD000240,2026-09-22,2026-09-23,ST005,SEI003,25,25,通常発注
ORD000241,2026-09-23,2026-09-24,ST001,SOZ001,30,30,通常発注
ORD000242,2026-09-23,2026-09-24,ST001,SOZ002,30,30,通常発注
ORD000243,2026-09-23,2026-09-24,ST001,SOZ003,30,30,通常発注
ORD000244,2026-09-23,2026-09-24,ST001,SOZ004,30,30,通常発注
ORD000245,2026-09-23,2026-09-24,ST001,NIP001,40,40,通常発注
ORD000246,2026-09-23,2026-09-24,ST001,NIP002,40,40,通常発注
ORD000247,2026-09-23,2026-09-24,ST001,NIP003,40,40,通常発注
ORD000248,2026-09-23,2026-09-24,ST001,NIP004,40,40,通常発注
ORD000249,2026-09-23,2026-09-24,ST001,NIP005,40,40,通常発注
ORD000250,2026-09-23,2026-09-24,ST001,SEI001,25,25,通常発注
ORD000251,2026-09-23,2026-09-24,ST001,SEI002,25,25,通常発注
ORD000252,2026-09-23,2026-09-24,ST001,SEI003,25,25,通常発注
ORD000253,2026-09-23,2026-09-24,ST002,SOZ001,30,31,通常発注
ORD000254,2026-09-23,2026-09-24,ST002,SOZ002,30,30,通常発注
ORD000255,2026-09-23,2026-09-24,ST002,SOZ003,30,31,通常発注
ORD000256,2026-09-23,2026-09-24,ST002,SOZ004,30,31,通常発注
ORD000257,2026-09-23,2026-09-24,ST002,NIP001,40,39,通常発注
ORD000258,2026-09-23,2026-09-24,ST002,NIP002,40,43,通常発注
ORD000259,2026-09-23,2026-09-24,ST002,NIP003,40,40,通常発注
ORD000260,2026-09-23,2026-09-24,ST002,NIP004,40,40,通常発注
ORD000261,2026-09-23,2026-09-24,ST002,NIP005,40,43,通常発注
ORD000262,2026-09-23,2026-09-24,ST002,SEI001,25,25,通常発注
ORD000263,2026-09-23,2026-09-24,ST002,SEI002,25,26,通常発注
ORD000264,2026-09-23,2026-09-24,ST002,SEI003,25,25,通常発注
ORD000265,2026-09-23,2026-09-24,ST003,SOZ001,30,30,通常発注
ORD000266,2026-09-23,2026-09-24,ST003,SOZ002,30,29,通常発注
ORD000267,2026-09-23,2026-09-24,ST003,SOZ003,30,31,通常発注
ORD000268,2026-09-23,2026-09-24,ST003,SOZ004,30,31,通常発注
ORD000269,2026-09-23,2026-09-24,ST003,NIP001,40,39,通常発注
ORD000270,2026-09-23,2026-09-24,ST003,NIP002,40,38,通常発注
ORD000271,2026-09-23,2026-09-24,ST003,NIP003,40,42,通常発注
ORD000272,2026-09-23,2026-09-24,ST003,NIP004,40,40,通常発注
ORD000273,2026-09-23,2026-09-24,ST003,NIP005,40,40,通常発注
ORD000274,2026-09-23,2026-09-24,ST003,SEI001,25,26,通常発注
ORD000275,2026-09-23,2026-09-24,ST003,SEI002,25,23,通常発注
ORD000276,2026-09-23,2026-09-24,ST003,SEI003,25,25,通常発注
ORD000277,2026-09-23,2026-09-24,ST004,SOZ001,30,30,通常発注
ORD000278,2026-09-23,2026-09-24,ST004,SOZ002,30,28,通常発注
ORD000279,2026-09-23,2026-09-24,ST004,SOZ003,30,27,通常発注
ORD000280,2026-09-23,2026-09-24,ST004,SOZ004,30,27,通常発注
ORD000281,2026-09-23,2026-09-24,ST004,NIP001,40,41,通常発注
ORD000282,2026-09-23,2026-09-24,ST004,NIP002,40,39,通常発注
ORD000283,2026-09-23,2026-09-24,ST004,NIP003,40,40,通常発注
ORD000284,2026-09-23,2026-09-24,ST004,NIP004,40,40,通常発注
ORD000285,2026-09-23,2026-09-24,ST004,NIP005,40,38,通常発注
ORD000286,2026-09-23,2026-09-24,ST004,SEI001,25,26,通常発注
ORD000287,2026-09-23,2026-09-24,ST004,SEI002,25,23,通常発注
ORD000288,2026-09-23,2026-09-24,ST004,SEI003,25,25,通常発注
ORD000289,2026-09-23,2026-09-24,ST005,SOZ001,30,29,通常発注
ORD000290,2026-09-23,2026-09-24,ST005,SOZ002,30,30,通常発注
ORD000291,2026-09-23,2026-09-24,ST005,SOZ003,30,28,通常発注
ORD000292,2026-09-23,2026-09-24,ST005,SOZ004,30,28,通常発注
ORD000293,2026-09-23,2026-09-24,ST005,NIP001,40,42,通常発注
ORD000294,2026-09-23,2026-09-24,ST005,NIP002,40,39,通常発注
ORD000295,2026-09-23,2026-09-24,ST005,NIP003,40,41,通常発注
ORD000296,2026-09-23,2026-09-24,ST005,NIP004,40,36,通常発注
ORD000297,2026-09-23,2026-09-24,ST005,NIP005,40,42,通常発注
ORD000298,2026-09-23,2026-09-24,ST005,SEI001,25,27,通常発注
ORD000299,2026-09-23,2026-09-24,ST005,SEI002,25,24,通常発注
ORD000300,2026-09-23,2026-09-24,ST005,SEI003,25,26,通常発注
ORD000301,2026-09-24,2026-09-25,ST001,SOZ001,30,30,通常発注
ORD000302,2026-09-24,2026-09-25,ST001,SOZ002,30,30,通常発注
ORD000303,2026-09-24,2026-09-25,ST001,SOZ003,30,30,通常発注
ORD000304,2026-09-24,2026-09-25,ST001,SOZ004,30,30,通常発注
ORD000305,2026-09-24,2026-09-25,ST001,NIP001,40,40,通常発注
ORD000306,2026-09-24,2026-09-25,ST001,NIP002,40,40,通常発注
ORD000307,2026-09-24,2026-09-25,ST001,NIP003,40,40,通常発注
ORD000308,2026-09-24,2026-09-25,ST001,NIP004,40,40,通常発注
ORD000309,2026-09-24,2026-09-25,ST001,NIP005,40,40,通常発注
ORD000310,2026-09-24,2026-09-25,ST001,SEI001,25,25,通常発注
ORD000311,2026-09-24,2026-09-25,ST001,SEI002,25,25,通常発注
ORD000312,2026-09-24,2026-09-25,ST001,SEI003,25,25,通常発注
ORD000313,2026-09-24,2026-09-25,ST002,SOZ001,30,27,通常発注
ORD000314,2026-09-24,2026-09-25,ST002,SOZ002,30,27,通常発注
ORD000315,2026-09-24,2026-09-25,ST002,SOZ003,30,31,通常発注
ORD000316,2026-09-24,2026-09-25,ST002,SOZ004,30,30,通常発注
ORD000317,2026-09-24,2026-09-25,ST002,NIP001,40,37,通常発注
ORD000318,2026-09-24,2026-09-25,ST002,NIP002,40,41,通常発注
ORD000319,2026-09-24,2026-09-25,ST002,NIP003,40,36,通常発注
ORD000320,2026-09-24,2026-09-25,ST002,NIP004,40,41,通常発注
ORD000321,2026-09-24,2026-09-25,ST002,NIP005,40,43,通常発注
ORD000322,2026-09-24,2026-09-25,ST002,SEI001,25,24,通常発注
ORD000323,2026-09-24,2026-09-25,ST002,SEI002,25,24,通常発注
ORD000324,2026-09-24,2026-09-25,ST002,SEI003,25,23,通常発注
ORD000325,2026-09-24,2026-09-25,ST003,SOZ001,30,30,通常発注
ORD000326,2026-09-24,2026-09-25,ST003,SOZ002,30,31,通常発注
ORD000327,2026-09-24,2026-09-25,ST003,SOZ003,30,30,通常発注
ORD000328,2026-09-24,2026-09-25,ST003,SOZ004,30,31,通常発注
ORD000329,2026-09-24,2026-09-25,ST003,NIP001,40,37,通常発注
ORD000330,2026-09-24,2026-09-25,ST003,NIP002,40,37,通常発注
ORD000331,2026-09-24,2026-09-25,ST003,NIP003,40,41,通常発注
ORD000332,2026-09-24,2026-09-25,ST003,NIP004,40,43,通常発注
ORD000333,2026-09-24,2026-09-25,ST003,NIP005,40,39,通常発注
ORD000334,2026-09-24,2026-09-25,ST003,SEI001,25,22,通常発注
ORD000335,2026-09-24,2026-09-25,ST003,SEI002,25,24,通常発注
ORD000336,2026-09-24,2026-09-25,ST003,SEI003,25,25,通常発注
ORD000337,2026-09-24,2026-09-25,ST004,SOZ001,30,32,通常発注
ORD000338,2026-09-24,2026-09-25,ST004,SOZ002,30,31,通常発注
ORD000339,2026-09-24,2026-09-25,ST004,SOZ003,30,28,通常発注
ORD000340,2026-09-24,2026-09-25,ST004,SOZ004,30,29,通常発注
ORD000341,2026-09-24,2026-09-25,ST004,NIP001,40,43,通常発注
ORD000342,2026-09-24,2026-09-25,ST004,NIP002,40,42,通常発注
ORD000343,2026-09-24,2026-09-25,ST004,NIP003,40,39,通常発注
ORD000344,2026-09-24,2026-09-25,ST004,NIP004,40,39,通常発注
ORD000345,2026-09-24,2026-09-25,ST004,NIP005,40,42,通常発注
ORD000346,2026-09-24,2026-09-25,ST004,SEI001,25,23,通常発注
ORD000347,2026-09-24,2026-09-25,ST004,SEI002,25,27,通常発注
ORD000348,2026-09-24,2026-09-25,ST004,SEI003,25,23,通常発注
ORD000349,2026-09-24,2026-09-25,ST005,SOZ001,30,29,通常発注
ORD000350,2026-09-24,2026-09-25,ST005,SOZ002,30,27,通常発注
ORD000351,2026-09-24,2026-09-25,ST005,SOZ003,30,28,通常発注
ORD000352,2026-09-24,2026-09-25,ST005,SOZ004,30,28,通常発注
ORD000353,2026-09-24,2026-09-25,ST005,NIP001,40,38,通常発注
ORD000354,2026-09-24,2026-09-25,ST005,NIP002,40,41,通常発注
ORD000355,2026-09-24,2026-09-25,ST005,NIP003,40,42,通常発注
ORD000356,2026-09-24,2026-09-25,ST005,NIP004,40,38,通常発注
ORD000357,2026-09-24,2026-09-25,ST005,NIP005,40,39,通常発注
ORD000358,2026-09-24,2026-09-25,ST005,SEI001,25,22,通常発注
ORD000359,2026-09-24,2026-09-25,ST005,SEI002,25,27,通常発注
ORD000360,2026-09-24,2026-09-25,ST005,SEI003,25,23,通常発注
ORD000361,2026-09-25,2026-09-26,ST001,SOZ001,30,30,通常発注
ORD000362,2026-09-25,2026-09-26,ST001,SOZ002,30,30,通常発注
ORD000363,2026-09-25,2026-09-26,ST001,SOZ003,30,30,通常発注
ORD000364,2026-09-25,2026-09-26,ST001,SOZ004,30,30,通常発注
ORD000365,2026-09-25,2026-09-26,ST001,NIP001,58,58,気温急変のAI提案を採用
ORD000366,2026-09-25,2026-09-26,ST001,NIP002,58,58,気温急変のAI提案を採用
ORD000367,2026-09-25,2026-09-26,ST001,NIP003,58,58,気温急変のAI提案を採用
ORD000368,2026-09-25,2026-09-26,ST001,NIP004,40,40,通常発注
ORD000369,2026-09-25,2026-09-26,ST001,NIP005,40,40,通常発注
ORD000370,2026-09-25,2026-09-26,ST001,SEI001,36,36,気温急変のAI提案を採用
ORD000371,2026-09-25,2026-09-26,ST001,SEI002,25,25,通常発注
ORD000372,2026-09-25,2026-09-26,ST001,SEI003,36,36,気温急変のAI提案を採用
ORD000373,2026-09-25,2026-09-26,ST002,SOZ001,30,27,通常発注
ORD000374,2026-09-25,2026-09-26,ST002,SOZ002,30,29,通常発注
ORD000375,2026-09-25,2026-09-26,ST002,SOZ003,30,27,通常発注
ORD000376,2026-09-25,2026-09-26,ST002,SOZ004,30,31,通常発注
ORD000377,2026-09-25,2026-09-26,ST002,NIP001,58,39,前週並みで据え置き
ORD000378,2026-09-25,2026-09-26,ST002,NIP002,58,36,前週並みで据え置き
ORD000379,2026-09-25,2026-09-26,ST002,NIP003,58,36,前週並みで据え置き
ORD000380,2026-09-25,2026-09-26,ST002,NIP004,40,43,通常発注
ORD000381,2026-09-25,2026-09-26,ST002,NIP005,40,42,通常発注
ORD000382,2026-09-25,2026-09-26,ST002,SEI001,36,24,前週並みで据え置き
ORD000383,2026-09-25,2026-09-26,ST002,SEI002,25,22,通常発注
ORD000384,2026-09-25,2026-09-26,ST002,SEI003,36,23,前週並みで据え置き
ORD000385,2026-09-25,2026-09-26,ST003,SOZ001,30,30,通常発注
ORD000386,2026-09-25,2026-09-26,ST003,SOZ002,30,30,通常発注
ORD000387,2026-09-25,2026-09-26,ST003,SOZ003,30,27,通常発注
ORD000388,2026-09-25,2026-09-26,ST003,SOZ004,30,32,通常発注
ORD000389,2026-09-25,2026-09-26,ST003,NIP001,58,39,前週並みで据え置き
ORD000390,2026-09-25,2026-09-26,ST003,NIP002,58,38,前週並みで据え置き
ORD000391,2026-09-25,2026-09-26,ST003,NIP003,58,38,前週並みで据え置き
ORD000392,2026-09-25,2026-09-26,ST003,NIP004,40,39,通常発注
ORD000393,2026-09-25,2026-09-26,ST003,NIP005,40,36,通常発注
ORD000394,2026-09-25,2026-09-26,ST003,SEI001,36,24,前週並みで据え置き
ORD000395,2026-09-25,2026-09-26,ST003,SEI002,25,25,通常発注
ORD000396,2026-09-25,2026-09-26,ST003,SEI003,36,24,前週並みで据え置き
ORD000397,2026-09-25,2026-09-26,ST004,SOZ001,30,31,通常発注
ORD000398,2026-09-25,2026-09-26,ST004,SOZ002,30,29,通常発注
ORD000399,2026-09-25,2026-09-26,ST004,SOZ003,30,29,通常発注
ORD000400,2026-09-25,2026-09-26,ST004,SOZ004,30,30,通常発注
ORD000401,2026-09-25,2026-09-26,ST004,NIP001,58,40,前週並みで据え置き
ORD000402,2026-09-25,2026-09-26,ST004,NIP002,58,43,前週並みで据え置き
ORD000403,2026-09-25,2026-09-26,ST004,NIP003,58,41,前週並みで据え置き
ORD000404,2026-09-25,2026-09-26,ST004,NIP004,40,38,通常発注
ORD000405,2026-09-25,2026-09-26,ST004,NIP005,40,38,通常発注
ORD000406,2026-09-25,2026-09-26,ST004,SEI001,36,25,前週並みで据え置き
ORD000407,2026-09-25,2026-09-26,ST004,SEI002,25,26,通常発注
ORD000408,2026-09-25,2026-09-26,ST004,SEI003,36,25,前週並みで据え置き
ORD000409,2026-09-25,2026-09-26,ST005,SOZ001,30,29,通常発注
ORD000410,2026-09-25,2026-09-26,ST005,SOZ002,30,28,通常発注
ORD000411,2026-09-25,2026-09-26,ST005,SOZ003,30,27,通常発注
ORD000412,2026-09-25,2026-09-26,ST005,SOZ004,30,28,通常発注
ORD000413,2026-09-25,2026-09-26,ST005,NIP001,58,39,前週並みで据え置き
ORD000414,2026-09-25,2026-09-26,ST005,NIP002,58,40,前週並みで据え置き
ORD000415,2026-09-25,2026-09-26,ST005,NIP003,58,38,前週並みで据え置き
ORD000416,2026-09-25,2026-09-26,ST005,NIP004,40,38,通常発注
ORD000417,2026-09-25,2026-09-26,ST005,NIP005,40,40,通常発注
ORD000418,2026-09-25,2026-09-26,ST005,SEI001,36,27,前週並みで据え置き
ORD000419,2026-09-25,2026-09-26,ST005,SEI002,25,23,通常発注
ORD000420,2026-09-25,2026-09-26,ST005,SEI003,36,26,前週並みで据え置き
