sales_id,sales_date,store_cd,product_cd,qty,amount
SLS000001,2026-09-20,ST001,SOZ001,31,14880
SLS000002,2026-09-20,ST001,SOZ002,32,11520
SLS000003,2026-09-20,ST001,SOZ003,27,12150
SLS000004,2026-09-20,ST001,SOZ004,31,5580
SLS000005,2026-09-20,ST001,NIP001,41,10660
SLS000006,2026-09-20,ST001,NIP002,34,8840
SLS000007,2026-09-20,ST001,NIP003,36,2880
SLS000008,2026-09-20,ST001,NIP004,40,2800
SLS000009,2026-09-20,ST001,NIP005,36,5040
SLS000010,2026-09-20,ST001,SEI001,27,8640
SLS000011,2026-09-20,ST001,SEI002,26,5720
SLS000012,2026-09-20,ST001,SEI003,26,4680
SLS000013,2026-09-20,ST002,SOZ001,28,13440
SLS000014,2026-09-20,ST002,SOZ002,26,9360
SLS000015,2026-09-20,ST002,SOZ003,32,14400
SLS000016,2026-09-20,ST002,SOZ004,32,5760
SLS000017,2026-09-20,ST002,NIP001,34,8840
SLS000018,2026-09-20,ST002,NIP002,40,10400
SLS000019,2026-09-20,ST002,NIP003,41,3280
SLS000020,2026-09-20,ST002,NIP004,44,3080
SLS000021,2026-09-20,ST002,NIP005,37,5180
SLS000022,2026-09-20,ST002,SEI001,22,7040
SLS000023,2026-09-20,ST002,SEI002,26,5720
SLS000024,2026-09-20,ST002,SEI003,25,4500
SLS000025,2026-09-20,ST003,SOZ001,26,12480
SLS000026,2026-09-20,ST003,SOZ002,31,11160
SLS000027,2026-09-20,ST003,SOZ003,27,12150
SLS000028,2026-09-20,ST003,SOZ004,29,5220
SLS000029,2026-09-20,ST003,NIP001,36,9360
SLS000030,2026-09-20,ST003,NIP002,35,9100
SLS000031,2026-09-20,ST003,NIP003,42,3360
SLS000032,2026-09-20,ST003,NIP004,38,2660
SLS000033,2026-09-20,ST003,NIP005,38,5320
SLS000034,2026-09-20,ST003,SEI001,26,8320
SLS000035,2026-09-20,ST003,SEI002,26,5720
SLS000036,2026-09-20,ST003,SEI003,24,4320
SLS000037,2026-09-20,ST004,SOZ001,30,14400
SLS000038,2026-09-20,ST004,SOZ002,31,11160
SLS000039,2026-09-20,ST004,SOZ003,32,14400
SLS000040,2026-09-20,ST004,SOZ004,29,5220
SLS000041,2026-09-20,ST004,NIP001,44,11440
SLS000042,2026-09-20,ST004,NIP002,41,10660
SLS000043,2026-09-20,ST004,NIP003,35,2800
SLS000044,2026-09-20,ST004,NIP004,41,2870
SLS000045,2026-09-20,ST004,NIP005,45,6300
SLS000046,2026-09-20,ST004,SEI001,23,7360
SLS000047,2026-09-20,ST004,SEI002,21,4620
SLS000048,2026-09-20,ST004,SEI003,28,5040
SLS000049,2026-09-20,ST005,SOZ001,26,12480
SLS000050,2026-09-20,ST005,SOZ002,27,9720
SLS000051,2026-09-20,ST005,SOZ003,34,15300
SLS000052,2026-09-20,ST005,SOZ004,31,5580
SLS000053,2026-09-20,ST005,NIP001,39,10140
SLS000054,2026-09-20,ST005,NIP002,36,9360
SLS000055,2026-09-20,ST005,NIP003,40,3200
SLS000056,2026-09-20,ST005,NIP004,34,2380
SLS000057,2026-09-20,ST005,NIP005,36,5040
SLS000058,2026-09-20,ST005,SEI001,21,6720
SLS000059,2026-09-20,ST005,SEI002,22,4840
SLS000060,2026-09-20,ST005,SEI003,23,4140
SLS000061,2026-09-21,ST001,SOZ001,27,12960
SLS000062,2026-09-21,ST001,SOZ002,31,11160
SLS000063,2026-09-21,ST001,SOZ003,29,13050
SLS000064,2026-09-21,ST001,SOZ004,32,5760
SLS000065,2026-09-21,ST001,NIP001,42,10920
SLS000066,2026-09-21,ST001,NIP002,34,8840
SLS000067,2026-09-21,ST001,NIP003,42,3360
SLS000068,2026-09-21,ST001,NIP004,36,2520
SLS000069,2026-09-21,ST001,NIP005,40,5600
SLS000070,2026-09-21,ST001,SEI001,24,7680
SLS000071,2026-09-21,ST001,SEI002,24,5280
SLS000072,2026-09-21,ST001,SEI003,24,4320
SLS000073,2026-09-21,ST002,SOZ001,25,12000
SLS000074,2026-09-21,ST002,SOZ002,34,12240
SLS000075,2026-09-21,ST002,SOZ003,26,11700
SLS000076,2026-09-21,ST002,SOZ004,33,5940
SLS000077,2026-09-21,ST002,NIP001,38,9880
SLS000078,2026-09-21,ST002,NIP002,45,11700
SLS000079,2026-09-21,ST002,NIP003,39,3120
SLS000080,2026-09-21,ST002,NIP004,35,2450
SLS000081,2026-09-21,ST002,NIP005,40,5600
SLS000082,2026-09-21,ST002,SEI001,21,6720
SLS000083,2026-09-21,ST002,SEI002,21,4620
SLS000084,2026-09-21,ST002,SEI003,21,3780
SLS000085,2026-09-21,ST003,SOZ001,29,13920
SLS000086,2026-09-21,ST003,SOZ002,29,10440
SLS000087,2026-09-21,ST003,SOZ003,29,13050
SLS000088,2026-09-21,ST003,SOZ004,32,5760
SLS000089,2026-09-21,ST003,NIP001,36,9360
SLS000090,2026-09-21,ST003,NIP002,39,10140
SLS000091,2026-09-21,ST003,NIP003,34,2720
SLS000092,2026-09-21,ST003,NIP004,34,2380
SLS000093,2026-09-21,ST003,NIP005,35,4900
SLS000094,2026-09-21,ST003,SEI001,27,8640
SLS000095,2026-09-21,ST003,SEI002,24,5280
SLS000096,2026-09-21,ST003,SEI003,25,4500
SLS000097,2026-09-21,ST004,SOZ001,31,14880
SLS000098,2026-09-21,ST004,SOZ002,29,10440
SLS000099,2026-09-21,ST004,SOZ003,33,14850
SLS000100,2026-09-21,ST004,SOZ004,27,4860
SLS000101,2026-09-21,ST004,NIP001,36,9360
SLS000102,2026-09-21,ST004,NIP002,40,10400
SLS000103,2026-09-21,ST004,NIP003,35,2800
SLS000104,2026-09-21,ST004,NIP004,34,2380
SLS000105,2026-09-21,ST004,NIP005,41,5740
SLS000106,2026-09-21,ST004,SEI001,25,8000
SLS000107,2026-09-21,ST004,SEI002,22,4840
SLS000108,2026-09-21,ST004,SEI003,25,4500
SLS000109,2026-09-21,ST005,SOZ001,29,13920
SLS000110,2026-09-21,ST005,SOZ002,33,11880
SLS000111,2026-09-21,ST005,SOZ003,31,13950
SLS000112,2026-09-21,ST005,SOZ004,31,5580
SLS000113,2026-09-21,ST005,NIP001,44,11440
SLS000114,2026-09-21,ST005,NIP002,44,11440
SLS000115,2026-09-21,ST005,NIP003,40,3200
SLS000116,2026-09-21,ST005,NIP004,42,2940
SLS000117,2026-09-21,ST005,NIP005,37,5180
SLS000118,2026-09-21,ST005,SEI001,24,7680
SLS000119,2026-09-21,ST005,SEI002,22,4840
SLS000120,2026-09-21,ST005,SEI003,23,4140
SLS000121,2026-09-22,ST001,SOZ001,27,12960
SLS000122,2026-09-22,ST001,SOZ002,29,10440
SLS000123,2026-09-22,ST001,SOZ003,33,14850
SLS000124,2026-09-22,ST001,SOZ004,28,5040
SLS000125,2026-09-22,ST001,NIP001,61,15860
SLS000126,2026-09-22,ST001,NIP002,60,15600
SLS000127,2026-09-22,ST001,NIP003,62,4960
SLS000128,2026-09-22,ST001,NIP004,36,2520
SLS000129,2026-09-22,ST001,NIP005,34,4760
SLS000130,2026-09-22,ST001,SEI001,34,10880
SLS000131,2026-09-22,ST001,SEI002,24,5280
SLS000132,2026-09-22,ST001,SEI003,35,6300
SLS000133,2026-09-22,ST002,SOZ001,27,12960
SLS000134,2026-09-22,ST002,SOZ002,30,10800
SLS000135,2026-09-22,ST002,SOZ003,28,12600
SLS000136,2026-09-22,ST002,SOZ004,31,5580
SLS000137,2026-09-22,ST002,NIP001,42,10920
SLS000138,2026-09-22,ST002,NIP002,42,10920
SLS000139,2026-09-22,ST002,NIP003,42,3360
SLS000140,2026-09-22,ST002,NIP004,42,2940
SLS000141,2026-09-22,ST002,NIP005,38,5320
SLS000142,2026-09-22,ST002,SEI001,28,8960
SLS000143,2026-09-22,ST002,SEI002,24,5280
SLS000144,2026-09-22,ST002,SEI003,29,5220
SLS000145,2026-09-22,ST003,SOZ001,31,14880
SLS000146,2026-09-22,ST003,SOZ002,26,9360
SLS000147,2026-09-22,ST003,SOZ003,31,13950
SLS000148,2026-09-22,ST003,SOZ004,26,4680
SLS000149,2026-09-22,ST003,NIP001,47,12220
SLS000150,2026-09-22,ST003,NIP002,44,11440
SLS000151,2026-09-22,ST003,NIP003,44,3520
SLS000152,2026-09-22,ST003,NIP004,36,2520
SLS000153,2026-09-22,ST003,NIP005,44,6160
SLS000154,2026-09-22,ST003,SEI001,28,8960
SLS000155,2026-09-22,ST003,SEI002,21,4620
SLS000156,2026-09-22,ST003,SEI003,30,5400
SLS000157,2026-09-22,ST004,SOZ001,34,16320
SLS000158,2026-09-22,ST004,SOZ002,32,11520
SLS000159,2026-09-22,ST004,SOZ003,32,14400
SLS000160,2026-09-22,ST004,SOZ004,32,5760
SLS000161,2026-09-22,ST004,NIP001,43,11180
SLS000162,2026-09-22,ST004,NIP002,40,10400
SLS000163,2026-09-22,ST004,NIP003,40,3200
SLS000164,2026-09-22,ST004,NIP004,35,2450
SLS000165,2026-09-22,ST004,NIP005,41,5740
SLS000166,2026-09-22,ST004,SEI001,26,8320
SLS000167,2026-09-22,ST004,SEI002,22,4840
SLS000168,2026-09-22,ST004,SEI003,31,5580
SLS000169,2026-09-22,ST005,SOZ001,29,13920
SLS000170,2026-09-22,ST005,SOZ002,32,11520
SLS000171,2026-09-22,ST005,SOZ003,30,13500
SLS000172,2026-09-22,ST005,SOZ004,29,5220
SLS000173,2026-09-22,ST005,NIP001,43,11180
SLS000174,2026-09-22,ST005,NIP002,45,11700
SLS000175,2026-09-22,ST005,NIP003,45,3600
SLS000176,2026-09-22,ST005,NIP004,41,2870
SLS000177,2026-09-22,ST005,NIP005,41,5740
SLS000178,2026-09-22,ST005,SEI001,27,8640
SLS000179,2026-09-22,ST005,SEI002,22,4840
SLS000180,2026-09-22,ST005,SEI003,32,5760
SLS000181,2026-09-23,ST001,SOZ001,27,12960
SLS000182,2026-09-23,ST001,SOZ002,29,10440
SLS000183,2026-09-23,ST001,SOZ003,34,15300
SLS000184,2026-09-23,ST001,SOZ004,27,4860
SLS000185,2026-09-23,ST001,NIP001,42,10920
SLS000186,2026-09-23,ST001,NIP002,43,11180
SLS000187,2026-09-23,ST001,NIP003,36,2880
SLS000188,2026-09-23,ST001,NIP004,41,2870
SLS000189,2026-09-23,ST001,NIP005,35,4900
SLS000190,2026-09-23,ST001,SEI001,25,8000
SLS000191,2026-09-23,ST001,SEI002,24,5280
SLS000192,2026-09-23,ST001,SEI003,27,4860
SLS000193,2026-09-23,ST002,SOZ001,30,14400
SLS000194,2026-09-23,ST002,SOZ002,31,11160
SLS000195,2026-09-23,ST002,SOZ003,26,11700
SLS000196,2026-09-23,ST002,SOZ004,30,5400
SLS000197,2026-09-23,ST002,NIP001,38,9880
SLS000198,2026-09-23,ST002,NIP002,41,10660
SLS000199,2026-09-23,ST002,NIP003,35,2800
SLS000200,2026-09-23,ST002,NIP004,42,2940
SLS000201,2026-09-23,ST002,NIP005,38,5320
SLS000202,2026-09-23,ST002,SEI001,21,6720
SLS000203,2026-09-23,ST002,SEI002,27,5940
SLS000204,2026-09-23,ST002,SEI003,24,4320
SLS000205,2026-09-23,ST003,SOZ001,31,14880
SLS000206,2026-09-23,ST003,SOZ002,31,11160
SLS000207,2026-09-23,ST003,SOZ003,29,13050
SLS000208,2026-09-23,ST003,SOZ004,28,5040
SLS000209,2026-09-23,ST003,NIP001,37,9620
SLS000210,2026-09-23,ST003,NIP002,40,10400
SLS000211,2026-09-23,ST003,NIP003,34,2720
SLS000212,2026-09-23,ST003,NIP004,39,2730
SLS000213,2026-09-23,ST003,NIP005,38,5320
SLS000214,2026-09-23,ST003,SEI001,25,8000
SLS000215,2026-09-23,ST003,SEI002,21,4620
SLS000216,2026-09-23,ST003,SEI003,25,4500
SLS000217,2026-09-23,ST004,SOZ001,31,14880
SLS000218,2026-09-23,ST004,SOZ002,26,9360
SLS000219,2026-09-23,ST004,SOZ003,28,12600
SLS000220,2026-09-23,ST004,SOZ004,30,5400
SLS000221,2026-09-23,ST004,NIP001,38,9880
SLS000222,2026-09-23,ST004,NIP002,37,9620
SLS000223,2026-09-23,ST004,NIP003,37,2960
SLS000224,2026-09-23,ST004,NIP004,36,2520
SLS000225,2026-09-23,ST004,NIP005,42,5880
SLS000226,2026-09-23,ST004,SEI001,28,8960
SLS000227,2026-09-23,ST004,SEI002,22,4840
SLS000228,2026-09-23,ST004,SEI003,25,4500
SLS000229,2026-09-23,ST005,SOZ001,33,15840
SLS000230,2026-09-23,ST005,SOZ002,31,11160
SLS000231,2026-09-23,ST005,SOZ003,33,14850
SLS000232,2026-09-23,ST005,SOZ004,29,5220
SLS000233,2026-09-23,ST005,NIP001,37,9620
SLS000234,2026-09-23,ST005,NIP002,41,10660
SLS000235,2026-09-23,ST005,NIP003,40,3200
SLS000236,2026-09-23,ST005,NIP004,35,2450
SLS000237,2026-09-23,ST005,NIP005,35,4900
SLS000238,2026-09-23,ST005,SEI001,25,8000
SLS000239,2026-09-23,ST005,SEI002,27,5940
SLS000240,2026-09-23,ST005,SEI003,23,4140
SLS000241,2026-09-24,ST001,SOZ001,28,13440
SLS000242,2026-09-24,ST001,SOZ002,30,10800
SLS000243,2026-09-24,ST001,SOZ003,33,14850
SLS000244,2026-09-24,ST001,SOZ004,31,5580
SLS000245,2026-09-24,ST001,NIP001,41,10660
SLS000246,2026-09-24,ST001,NIP002,36,9360
SLS000247,2026-09-24,ST001,NIP003,35,2800
SLS000248,2026-09-24,ST001,NIP004,39,2730
SLS000249,2026-09-24,ST001,NIP005,37,5180
SLS000250,2026-09-24,ST001,SEI001,23,7360
SLS000251,2026-09-24,ST001,SEI002,26,5720
SLS000252,2026-09-24,ST001,SEI003,21,3780
SLS000253,2026-09-24,ST002,SOZ001,33,15840
SLS000254,2026-09-24,ST002,SOZ002,29,10440
SLS000255,2026-09-24,ST002,SOZ003,33,14850
SLS000256,2026-09-24,ST002,SOZ004,26,4680
SLS000257,2026-09-24,ST002,NIP001,39,10140
SLS000258,2026-09-24,ST002,NIP002,42,10920
SLS000259,2026-09-24,ST002,NIP003,39,3120
SLS000260,2026-09-24,ST002,NIP004,42,2940
SLS000261,2026-09-24,ST002,NIP005,35,4900
SLS000262,2026-09-24,ST002,SEI001,28,8960
SLS000263,2026-09-24,ST002,SEI002,25,5500
SLS000264,2026-09-24,ST002,SEI003,24,4320
SLS000265,2026-09-24,ST003,SOZ001,27,12960
SLS000266,2026-09-24,ST003,SOZ002,34,12240
SLS000267,2026-09-24,ST003,SOZ003,28,12600
SLS000268,2026-09-24,ST003,SOZ004,28,5040
SLS000269,2026-09-24,ST003,NIP001,41,10660
SLS000270,2026-09-24,ST003,NIP002,39,10140
SLS000271,2026-09-24,ST003,NIP003,35,2800
SLS000272,2026-09-24,ST003,NIP004,41,2870
SLS000273,2026-09-24,ST003,NIP005,34,4760
SLS000274,2026-09-24,ST003,SEI001,25,8000
SLS000275,2026-09-24,ST003,SEI002,23,5060
SLS000276,2026-09-24,ST003,SEI003,24,4320
SLS000277,2026-09-24,ST004,SOZ001,25,12000
SLS000278,2026-09-24,ST004,SOZ002,30,10800
SLS000279,2026-09-24,ST004,SOZ003,29,13050
SLS000280,2026-09-24,ST004,SOZ004,29,5220
SLS000281,2026-09-24,ST004,NIP001,39,10140
SLS000282,2026-09-24,ST004,NIP002,38,9880
SLS000283,2026-09-24,ST004,NIP003,36,2880
SLS000284,2026-09-24,ST004,NIP004,36,2520
SLS000285,2026-09-24,ST004,NIP005,43,6020
SLS000286,2026-09-24,ST004,SEI001,23,7360
SLS000287,2026-09-24,ST004,SEI002,27,5940
SLS000288,2026-09-24,ST004,SEI003,27,4860
SLS000289,2026-09-24,ST005,SOZ001,33,15840
SLS000290,2026-09-24,ST005,SOZ002,28,10080
SLS000291,2026-09-24,ST005,SOZ003,29,13050
SLS000292,2026-09-24,ST005,SOZ004,33,5940
SLS000293,2026-09-24,ST005,NIP001,36,9360
SLS000294,2026-09-24,ST005,NIP002,37,9620
SLS000295,2026-09-24,ST005,NIP003,38,3040
SLS000296,2026-09-24,ST005,NIP004,39,2730
SLS000297,2026-09-24,ST005,NIP005,44,6160
SLS000298,2026-09-24,ST005,SEI001,21,6720
SLS000299,2026-09-24,ST005,SEI002,26,5720
SLS000300,2026-09-24,ST005,SEI003,21,3780
SLS000301,2026-09-25,ST001,SOZ001,28,13440
SLS000302,2026-09-25,ST001,SOZ002,31,11160
SLS000303,2026-09-25,ST001,SOZ003,33,14850
SLS000304,2026-09-25,ST001,SOZ004,34,6120
SLS000305,2026-09-25,ST001,NIP001,42,10920
SLS000306,2026-09-25,ST001,NIP002,41,10660
SLS000307,2026-09-25,ST001,NIP003,41,3280
SLS000308,2026-09-25,ST001,NIP004,42,2940
SLS000309,2026-09-25,ST001,NIP005,39,5460
SLS000310,2026-09-25,ST001,SEI001,26,8320
SLS000311,2026-09-25,ST001,SEI002,24,5280
SLS000312,2026-09-25,ST001,SEI003,27,4860
SLS000313,2026-09-25,ST002,SOZ001,28,13440
SLS000314,2026-09-25,ST002,SOZ002,28,10080
SLS000315,2026-09-25,ST002,SOZ003,30,13500
SLS000316,2026-09-25,ST002,SOZ004,27,4860
SLS000317,2026-09-25,ST002,NIP001,40,10400
SLS000318,2026-09-25,ST002,NIP002,36,9360
SLS000319,2026-09-25,ST002,NIP003,37,2960
SLS000320,2026-09-25,ST002,NIP004,44,3080
SLS000321,2026-09-25,ST002,NIP005,34,4760
SLS000322,2026-09-25,ST002,SEI001,26,8320
SLS000323,2026-09-25,ST002,SEI002,24,5280
SLS000324,2026-09-25,ST002,SEI003,27,4860
SLS000325,2026-09-25,ST003,SOZ001,30,14400
SLS000326,2026-09-25,ST003,SOZ002,25,9000
SLS000327,2026-09-25,ST003,SOZ003,27,12150
SLS000328,2026-09-25,ST003,SOZ004,33,5940
SLS000329,2026-09-25,ST003,NIP001,41,10660
SLS000330,2026-09-25,ST003,NIP002,36,9360
SLS000331,2026-09-25,ST003,NIP003,42,3360
SLS000332,2026-09-25,ST003,NIP004,41,2870
SLS000333,2026-09-25,ST003,NIP005,37,5180
SLS000334,2026-09-25,ST003,SEI001,26,8320
SLS000335,2026-09-25,ST003,SEI002,23,5060
SLS000336,2026-09-25,ST003,SEI003,22,3960
SLS000337,2026-09-25,ST004,SOZ001,30,14400
SLS000338,2026-09-25,ST004,SOZ002,27,9720
SLS000339,2026-09-25,ST004,SOZ003,32,14400
SLS000340,2026-09-25,ST004,SOZ004,31,5580
SLS000341,2026-09-25,ST004,NIP001,35,9100
SLS000342,2026-09-25,ST004,NIP002,45,11700
SLS000343,2026-09-25,ST004,NIP003,35,2800
SLS000344,2026-09-25,ST004,NIP004,40,2800
SLS000345,2026-09-25,ST004,NIP005,41,5740
SLS000346,2026-09-25,ST004,SEI001,22,7040
SLS000347,2026-09-25,ST004,SEI002,25,5500
SLS000348,2026-09-25,ST004,SEI003,25,4500
SLS000349,2026-09-25,ST005,SOZ001,31,14880
SLS000350,2026-09-25,ST005,SOZ002,29,10440
SLS000351,2026-09-25,ST005,SOZ003,33,14850
SLS000352,2026-09-25,ST005,SOZ004,26,4680
SLS000353,2026-09-25,ST005,NIP001,38,9880
SLS000354,2026-09-25,ST005,NIP002,41,10660
SLS000355,2026-09-25,ST005,NIP003,41,3280
SLS000356,2026-09-25,ST005,NIP004,42,2940
SLS000357,2026-09-25,ST005,NIP005,36,5040
SLS000358,2026-09-25,ST005,SEI001,26,8320
SLS000359,2026-09-25,ST005,SEI002,25,5500
SLS000360,2026-09-25,ST005,SEI003,21,3780
SLS000361,2026-09-26,ST001,SOZ001,34,16320
SLS000362,2026-09-26,ST001,SOZ002,26,9360
SLS000363,2026-09-26,ST001,SOZ003,31,13950
SLS000364,2026-09-26,ST001,SOZ004,25,4500
SLS000365,2026-09-26,ST001,NIP001,53,13780
SLS000366,2026-09-26,ST001,NIP002,61,15860
SLS000367,2026-09-26,ST001,NIP003,50,4000
SLS000368,2026-09-26,ST001,NIP004,41,2870
SLS000369,2026-09-26,ST001,NIP005,37,5180
SLS000370,2026-09-26,ST001,SEI001,38,12160
SLS000371,2026-09-26,ST001,SEI002,23,5060
SLS000372,2026-09-26,ST001,SEI003,40,7200
SLS000373,2026-09-26,ST002,SOZ001,29,13920
SLS000374,2026-09-26,ST002,SOZ002,26,9360
SLS000375,2026-09-26,ST002,SOZ003,30,13500
SLS000376,2026-09-26,ST002,SOZ004,25,4500
SLS000377,2026-09-26,ST002,NIP001,43,11180
SLS000378,2026-09-26,ST002,NIP002,39,10140
SLS000379,2026-09-26,ST002,NIP003,40,3200
SLS000380,2026-09-26,ST002,NIP004,39,2730
SLS000381,2026-09-26,ST002,NIP005,45,6300
SLS000382,2026-09-26,ST002,SEI001,29,9280
SLS000383,2026-09-26,ST002,SEI002,21,4620
SLS000384,2026-09-26,ST002,SEI003,27,4860
SLS000385,2026-09-26,ST003,SOZ001,28,13440
SLS000386,2026-09-26,ST003,SOZ002,29,10440
SLS000387,2026-09-26,ST003,SOZ003,30,13500
SLS000388,2026-09-26,ST003,SOZ004,29,5220
SLS000389,2026-09-26,ST003,NIP001,44,11440
SLS000390,2026-09-26,ST003,NIP002,42,10920
SLS000391,2026-09-26,ST003,NIP003,41,3280
SLS000392,2026-09-26,ST003,NIP004,41,2870
SLS000393,2026-09-26,ST003,NIP005,38,5320
SLS000394,2026-09-26,ST003,SEI001,27,8640
SLS000395,2026-09-26,ST003,SEI002,25,5500
SLS000396,2026-09-26,ST003,SEI003,29,5220
SLS000397,2026-09-26,ST004,SOZ001,33,15840
SLS000398,2026-09-26,ST004,SOZ002,30,10800
SLS000399,2026-09-26,ST004,SOZ003,26,11700
SLS000400,2026-09-26,ST004,SOZ004,28,5040
SLS000401,2026-09-26,ST004,NIP001,45,11700
SLS000402,2026-09-26,ST004,NIP002,45,11700
SLS000403,2026-09-26,ST004,NIP003,45,3600
SLS000404,2026-09-26,ST004,NIP004,34,2380
SLS000405,2026-09-26,ST004,NIP005,41,5740
SLS000406,2026-09-26,ST004,SEI001,30,9600
SLS000407,2026-09-26,ST004,SEI002,21,4620
SLS000408,2026-09-26,ST004,SEI003,30,5400
SLS000409,2026-09-26,ST005,SOZ001,29,13920
SLS000410,2026-09-26,ST005,SOZ002,28,10080
SLS000411,2026-09-26,ST005,SOZ003,29,13050
SLS000412,2026-09-26,ST005,SOZ004,31,5580
SLS000413,2026-09-26,ST005,NIP001,43,11180
SLS000414,2026-09-26,ST005,NIP002,44,11440
SLS000415,2026-09-26,ST005,NIP003,43,3440
SLS000416,2026-09-26,ST005,NIP004,40,2800
SLS000417,2026-09-26,ST005,NIP005,38,5320
SLS000418,2026-09-26,ST005,SEI001,30,9600
SLS000419,2026-09-26,ST005,SEI002,25,5500
SLS000420,2026-09-26,ST005,SEI003,29,5220
