date,store_cd,product_cd,waste_qty,discount_qty,discount_amount
2026-09-20,ST001,SOZ001,1,0,0
2026-09-20,ST001,SOZ002,1,0,0
2026-09-20,ST001,SOZ003,2,3,405
2026-09-20,ST001,SOZ004,1,0,0
2026-09-20,ST001,NIP001,0,0,0
2026-09-20,ST001,NIP002,0,0,0
2026-09-20,ST001,NIP003,0,0,0
2026-09-20,ST001,NIP004,0,0,0
2026-09-20,ST001,NIP005,0,0,0
2026-09-20,ST001,SEI001,0,0,0
2026-09-20,ST001,SEI002,1,1,66
2026-09-20,ST001,SEI003,1,2,108
2026-09-20,ST002,SOZ001,2,2,288
2026-09-20,ST002,SOZ002,3,4,432
2026-09-20,ST002,SOZ003,0,0,0
2026-09-20,ST002,SOZ004,1,2,108
2026-09-20,ST002,NIP001,0,0,0
2026-09-20,ST002,NIP002,0,0,0
2026-09-20,ST002,NIP003,0,0,0
2026-09-20,ST002,NIP004,0,0,0
2026-09-20,ST002,NIP005,0,0,0
2026-09-20,ST002,SEI001,2,4,384
2026-09-20,ST002,SEI002,1,0,0
2026-09-20,ST002,SEI003,1,0,0
2026-09-20,ST003,SOZ001,2,4,576
2026-09-20,ST003,SOZ002,1,2,216
2026-09-20,ST003,SOZ003,2,2,270
2026-09-20,ST003,SOZ004,1,1,54
2026-09-20,ST003,NIP001,0,0,0
2026-09-20,ST003,NIP002,0,0,0
2026-09-20,ST003,NIP003,0,0,0
2026-09-20,ST003,NIP004,0,0,0
2026-09-20,ST003,NIP005,0,0,0
2026-09-20,ST003,SEI001,0,0,0
2026-09-20,ST003,SEI002,0,0,0
2026-09-20,ST003,SEI003,2,4,216
2026-09-20,ST004,SOZ001,2,2,288
2026-09-20,ST004,SOZ002,0,0,0
2026-09-20,ST004,SOZ003,1,0,0
2026-09-20,ST004,SOZ004,2,2,108
2026-09-20,ST004,NIP001,0,0,0
2026-09-20,ST004,NIP002,0,0,0
2026-09-20,ST004,NIP003,0,0,0
2026-09-20,ST004,NIP004,0,0,0
2026-09-20,ST004,NIP005,0,0,0
2026-09-20,ST004,SEI001,1,1,96
2026-09-20,ST004,SEI002,2,3,198
2026-09-20,ST004,SEI003,0,0,0
2026-09-20,ST005,SOZ001,2,4,576
2026-09-20,ST005,SOZ002,3,7,756
2026-09-20,ST005,SOZ003,1,0,0
2026-09-20,ST005,SOZ004,1,1,54
2026-09-20,ST005,NIP001,0,0,0
2026-09-20,ST005,NIP002,0,0,0
2026-09-20,ST005,NIP003,0,0,0
2026-09-20,ST005,NIP004,0,0,0
2026-09-20,ST005,NIP005,0,0,0
2026-09-20,ST005,SEI001,3,4,384
2026-09-20,ST005,SEI002,2,4,264
2026-09-20,ST005,SEI003,2,4,216
2026-09-21,ST001,SOZ001,2,3,432
2026-09-21,ST001,SOZ002,1,2,216
2026-09-21,ST001,SOZ003,2,4,540
2026-09-21,ST001,SOZ004,0,0,0
2026-09-21,ST001,NIP001,0,0,0
2026-09-21,ST001,NIP002,0,0,0
2026-09-21,ST001,NIP003,0,0,0
2026-09-21,ST001,NIP004,0,0,0
2026-09-21,ST001,NIP005,0,0,0
2026-09-21,ST001,SEI001,2,3,288
2026-09-21,ST001,SEI002,1,2,132
2026-09-21,ST001,SEI003,1,2,108
2026-09-21,ST002,SOZ001,3,6,864
2026-09-21,ST002,SOZ002,1,0,0
2026-09-21,ST002,SOZ003,2,4,540
2026-09-21,ST002,SOZ004,1,1,54
2026-09-21,ST002,NIP001,0,0,0
2026-09-21,ST002,NIP002,0,0,0
2026-09-21,ST002,NIP003,0,0,0
2026-09-21,ST002,NIP004,0,0,0
2026-09-21,ST002,NIP005,0,0,0
2026-09-21,ST002,SEI001,3,4,384
2026-09-21,ST002,SEI002,3,4,264
2026-09-21,ST002,SEI003,2,2,108
2026-09-21,ST003,SOZ001,2,4,576
2026-09-21,ST003,SOZ002,0,0,0
2026-09-21,ST003,SOZ003,2,3,405
2026-09-21,ST003,SOZ004,0,0,0
2026-09-21,ST003,NIP001,0,0,0
2026-09-21,ST003,NIP002,0,0,0
2026-09-21,ST003,NIP003,0,0,0
2026-09-21,ST003,NIP004,0,0,0
2026-09-21,ST003,NIP005,0,0,0
2026-09-21,ST003,SEI001,0,0,0
2026-09-21,ST003,SEI002,2,3,198
2026-09-21,ST003,SEI003,2,2,108
2026-09-21,ST004,SOZ001,1,0,0
2026-09-21,ST004,SOZ002,0,0,0
2026-09-21,ST004,SOZ003,1,0,0
2026-09-21,ST004,SOZ004,3,4,216
2026-09-21,ST004,NIP001,0,0,0
2026-09-21,ST004,NIP002,0,0,0
2026-09-21,ST004,NIP003,0,0,0
2026-09-21,ST004,NIP004,0,0,0
2026-09-21,ST004,NIP005,0,0,0
2026-09-21,ST004,SEI001,1,0,0
2026-09-21,ST004,SEI002,3,5,330
2026-09-21,ST004,SEI003,2,2,108
2026-09-21,ST005,SOZ001,1,1,144
2026-09-21,ST005,SOZ002,0,0,0
2026-09-21,ST005,SOZ003,0,0,0
2026-09-21,ST005,SOZ004,1,2,108
2026-09-21,ST005,NIP001,0,0,0
2026-09-21,ST005,NIP002,0,0,0
2026-09-21,ST005,NIP003,0,0,0
2026-09-21,ST005,NIP004,0,0,0
2026-09-21,ST005,NIP005,0,0,0
2026-09-21,ST005,SEI001,1,2,192
2026-09-21,ST005,SEI002,3,6,396
2026-09-21,ST005,SEI003,2,4,216
2026-09-22,ST001,SOZ001,2,4,576
2026-09-22,ST001,SOZ002,2,3,324
2026-09-22,ST001,SOZ003,1,0,0
2026-09-22,ST001,SOZ004,3,4,216
2026-09-22,ST001,NIP001,0,0,0
2026-09-22,ST001,NIP002,0,0,0
2026-09-22,ST001,NIP003,0,0,0
2026-09-22,ST001,NIP004,0,0,0
2026-09-22,ST001,NIP005,0,0,0
2026-09-22,ST001,SEI001,2,4,384
2026-09-22,ST001,SEI002,1,2,132
2026-09-22,ST001,SEI003,2,2,108
2026-09-22,ST002,SOZ001,2,4,576
2026-09-22,ST002,SOZ002,2,2,216
2026-09-22,ST002,SOZ003,1,2,270
2026-09-22,ST002,SOZ004,1,0,0
2026-09-22,ST002,NIP001,0,0,0
2026-09-22,ST002,NIP002,0,0,0
2026-09-22,ST002,NIP003,0,0,0
2026-09-22,ST002,NIP004,0,0,0
2026-09-22,ST002,NIP005,0,0,0
2026-09-22,ST002,SEI001,0,0,0
2026-09-22,ST002,SEI002,1,2,132
2026-09-22,ST002,SEI003,0,0,0
2026-09-22,ST003,SOZ001,1,0,0
2026-09-22,ST003,SOZ002,3,6,648
2026-09-22,ST003,SOZ003,0,0,0
2026-09-22,ST003,SOZ004,2,4,216
2026-09-22,ST003,NIP001,0,0,0
2026-09-22,ST003,NIP002,0,0,0
2026-09-22,ST003,NIP003,0,0,0
2026-09-22,ST003,NIP004,0,0,0
2026-09-22,ST003,NIP005,0,0,0
2026-09-22,ST003,SEI001,0,0,0
2026-09-22,ST003,SEI002,2,2,132
2026-09-22,ST003,SEI003,0,0,0
2026-09-22,ST004,SOZ001,1,2,288
2026-09-22,ST004,SOZ002,1,0,0
2026-09-22,ST004,SOZ003,1,0,0
2026-09-22,ST004,SOZ004,2,2,108
2026-09-22,ST004,NIP001,0,0,0
2026-09-22,ST004,NIP002,0,0,0
2026-09-22,ST004,NIP003,0,0,0
2026-09-22,ST004,NIP004,0,0,0
2026-09-22,ST004,NIP005,0,0,0
2026-09-22,ST004,SEI001,0,0,0
2026-09-22,ST004,SEI002,2,2,132
2026-09-22,ST004,SEI003,0,0,0
2026-09-22,ST005,SOZ001,3,4,576
2026-09-22,ST005,SOZ002,2,3,324
2026-09-22,ST005,SOZ003,2,2,270
2026-09-22,ST005,SOZ004,2,2,108
2026-09-22,ST005,NIP001,0,0,0
2026-09-22,ST005,NIP002,0,0,0
2026-09-22,ST005,NIP003,0,0,0
2026-09-22,ST005,NIP004,0,0,0
2026-09-22,ST005,NIP005,0,0,0
2026-09-22,ST005,SEI001,0,0,0
2026-09-22,ST005,SEI002,3,4,264
2026-09-22,ST005,SEI003,0,0,0
2026-09-23,ST001,SOZ001,2,3,432
2026-09-23,ST001,SOZ002,1,2,216
2026-09-23,ST001,SOZ003,0,0,0
2026-09-23,ST001,SOZ004,2,3,162
2026-09-23,ST001,NIP001,0,0,0
2026-09-23,ST001,NIP002,0,0,0
2026-09-23,ST001,NIP003,0,0,0
2026-09-23,ST001,NIP004,0,0,0
2026-09-23,ST001,NIP005,0,0,0
2026-09-23,ST001,SEI001,1,2,192
2026-09-23,ST001,SEI002,2,3,198
2026-09-23,ST001,SEI003,1,0,0
2026-09-23,ST002,SOZ001,2,2,288
2026-09-23,ST002,SOZ002,0,0,0
2026-09-23,ST002,SOZ003,2,3,405
2026-09-23,ST002,SOZ004,3,4,216
2026-09-23,ST002,NIP001,0,0,0
2026-09-23,ST002,NIP002,0,0,0
2026-09-23,ST002,NIP003,0,0,0
2026-09-23,ST002,NIP004,0,0,0
2026-09-23,ST002,NIP005,0,0,0
2026-09-23,ST002,SEI001,2,4,384
2026-09-23,ST002,SEI002,1,0,0
2026-09-23,ST002,SEI003,2,3,162
2026-09-23,ST003,SOZ001,1,1,144
2026-09-23,ST003,SOZ002,2,4,432
2026-09-23,ST003,SOZ003,2,4,540
2026-09-23,ST003,SOZ004,1,1,54
2026-09-23,ST003,NIP001,0,0,0
2026-09-23,ST003,NIP002,0,0,0
2026-09-23,ST003,NIP003,0,0,0
2026-09-23,ST003,NIP004,0,0,0
2026-09-23,ST003,NIP005,0,0,0
2026-09-23,ST003,SEI001,1,2,192
2026-09-23,ST003,SEI002,3,7,462
2026-09-23,ST003,SEI003,1,2,108
2026-09-23,ST004,SOZ001,0,0,0
2026-09-23,ST004,SOZ002,2,3,324
2026-09-23,ST004,SOZ003,3,4,540
2026-09-23,ST004,SOZ004,1,2,108
2026-09-23,ST004,NIP001,0,0,0
2026-09-23,ST004,NIP002,0,0,0
2026-09-23,ST004,NIP003,0,0,0
2026-09-23,ST004,NIP004,0,0,0
2026-09-23,ST004,NIP005,0,0,0
2026-09-23,ST004,SEI001,1,1,96
2026-09-23,ST004,SEI002,1,2,132
2026-09-23,ST004,SEI003,0,0,0
2026-09-23,ST005,SOZ001,0,0,0
2026-09-23,ST005,SOZ002,1,1,108
2026-09-23,ST005,SOZ003,1,1,135
2026-09-23,ST005,SOZ004,1,1,54
2026-09-23,ST005,NIP001,0,0,0
2026-09-23,ST005,NIP002,0,0,0
2026-09-23,ST005,NIP003,0,0,0
2026-09-23,ST005,NIP004,0,0,0
2026-09-23,ST005,NIP005,0,0,0
2026-09-23,ST005,SEI001,2,2,192
2026-09-23,ST005,SEI002,1,1,66
2026-09-23,ST005,SEI003,3,4,216
2026-09-24,ST001,SOZ001,2,2,288
2026-09-24,ST001,SOZ002,1,1,108
2026-09-24,ST001,SOZ003,0,0,0
2026-09-24,ST001,SOZ004,1,2,108
2026-09-24,ST001,NIP001,0,0,0
2026-09-24,ST001,NIP002,0,0,0
2026-09-24,ST001,NIP003,0,0,0
2026-09-24,ST001,NIP004,0,0,0
2026-09-24,ST001,NIP005,0,0,0
2026-09-24,ST001,SEI001,2,4,384
2026-09-24,ST001,SEI002,2,2,132
2026-09-24,ST001,SEI003,3,4,216
2026-09-24,ST002,SOZ001,1,0,0
2026-09-24,ST002,SOZ002,2,2,216
2026-09-24,ST002,SOZ003,0,0,0
2026-09-24,ST002,SOZ004,3,6,324
2026-09-24,ST002,NIP001,0,0,0
2026-09-24,ST002,NIP002,0,0,0
2026-09-24,ST002,NIP003,0,0,0
2026-09-24,ST002,NIP004,0,0,0
2026-09-24,ST002,NIP005,0,0,0
2026-09-24,ST002,SEI001,1,0,0
2026-09-24,ST002,SEI002,2,2,132
2026-09-24,ST002,SEI003,2,3,162
2026-09-24,ST003,SOZ001,3,5,720
2026-09-24,ST003,SOZ002,0,0,0
2026-09-24,ST003,SOZ003,2,4,540
2026-09-24,ST003,SOZ004,3,4,216
2026-09-24,ST003,NIP001,0,0,0
2026-09-24,ST003,NIP002,0,0,0
2026-09-24,ST003,NIP003,0,0,0
2026-09-24,ST003,NIP004,0,0,0
2026-09-24,ST003,NIP005,0,0,0
2026-09-24,ST003,SEI001,2,2,192
2026-09-24,ST003,SEI002,2,2,132
2026-09-24,ST003,SEI003,1,2,108
2026-09-24,ST004,SOZ001,3,5,720
2026-09-24,ST004,SOZ002,0,0,0
2026-09-24,ST004,SOZ003,0,0,0
2026-09-24,ST004,SOZ004,1,0,0
2026-09-24,ST004,NIP001,0,0,0
2026-09-24,ST004,NIP002,0,0,0
2026-09-24,ST004,NIP003,0,0,0
2026-09-24,ST004,NIP004,0,0,0
2026-09-24,ST004,NIP005,0,0,0
2026-09-24,ST004,SEI001,3,4,384
2026-09-24,ST004,SEI002,0,0,0
2026-09-24,ST004,SEI003,1,2,108
2026-09-24,ST005,SOZ001,1,0,0
2026-09-24,ST005,SOZ002,3,4,432
2026-09-24,ST005,SOZ003,1,1,135
2026-09-24,ST005,SOZ004,0,0,0
2026-09-24,ST005,NIP001,0,0,0
2026-09-24,ST005,NIP002,0,0,0
2026-09-24,ST005,NIP003,0,0,0
2026-09-24,ST005,NIP004,0,0,0
2026-09-24,ST005,NIP005,0,0,0
2026-09-24,ST005,SEI001,3,5,480
2026-09-24,ST005,SEI002,1,0,0
2026-09-24,ST005,SEI003,3,6,324
2026-09-25,ST001,SOZ001,3,4,576
2026-09-25,ST001,SOZ002,1,2,216
2026-09-25,ST001,SOZ003,1,1,135
2026-09-25,ST001,SOZ004,1,0,0
2026-09-25,ST001,NIP001,0,0,0
2026-09-25,ST001,NIP002,0,0,0
2026-09-25,ST001,NIP003,0,0,0
2026-09-25,ST001,NIP004,0,0,0
2026-09-25,ST001,NIP005,0,0,0
2026-09-25,ST001,SEI001,1,0,0
2026-09-25,ST001,SEI002,2,3,198
2026-09-25,ST001,SEI003,0,0,0
2026-09-25,ST002,SOZ001,1,2,288
2026-09-25,ST002,SOZ002,2,2,216
2026-09-25,ST002,SOZ003,2,2,270
2026-09-25,ST002,SOZ004,3,5,270
2026-09-25,ST002,NIP001,0,0,0
2026-09-25,ST002,NIP002,0,0,0
2026-09-25,ST002,NIP003,0,0,0
2026-09-25,ST002,NIP004,0,0,0
2026-09-25,ST002,NIP005,0,0,0
2026-09-25,ST002,SEI001,1,1,96
2026-09-25,ST002,SEI002,2,3,198
2026-09-25,ST002,SEI003,1,0,0
2026-09-25,ST003,SOZ001,2,2,288
2026-09-25,ST003,SOZ002,4,7,756
2026-09-25,ST003,SOZ003,2,3,405
2026-09-25,ST003,SOZ004,1,1,54
2026-09-25,ST003,NIP001,0,0,0
2026-09-25,ST003,NIP002,0,0,0
2026-09-25,ST003,NIP003,0,0,0
2026-09-25,ST003,NIP004,0,0,0
2026-09-25,ST003,NIP005,0,0,0
2026-09-25,ST003,SEI001,0,0,0
2026-09-25,ST003,SEI002,2,2,132
2026-09-25,ST003,SEI003,3,4,216
2026-09-25,ST004,SOZ001,2,3,432
2026-09-25,ST004,SOZ002,3,6,648
2026-09-25,ST004,SOZ003,0,0,0
2026-09-25,ST004,SOZ004,0,0,0
2026-09-25,ST004,NIP001,0,0,0
2026-09-25,ST004,NIP002,0,0,0
2026-09-25,ST004,NIP003,0,0,0
2026-09-25,ST004,NIP004,0,0,0
2026-09-25,ST004,NIP005,0,0,0
2026-09-25,ST004,SEI001,1,2,192
2026-09-25,ST004,SEI002,2,4,264
2026-09-25,ST004,SEI003,0,0,0
2026-09-25,ST005,SOZ001,1,1,144
2026-09-25,ST005,SOZ002,0,0,0
2026-09-25,ST005,SOZ003,0,0,0
2026-09-25,ST005,SOZ004,2,3,162
2026-09-25,ST005,NIP001,0,0,0
2026-09-25,ST005,NIP002,0,0,0
2026-09-25,ST005,NIP003,0,0,0
2026-09-25,ST005,NIP004,0,0,0
2026-09-25,ST005,NIP005,0,0,0
2026-09-25,ST005,SEI001,0,0,0
2026-09-25,ST005,SEI002,2,4,264
2026-09-25,ST005,SEI003,2,2,108
2026-09-26,ST001,SOZ001,1,0,0
2026-09-26,ST001,SOZ002,3,4,432
2026-09-26,ST001,SOZ003,1,0,0
2026-09-26,ST001,SOZ004,3,6,324
2026-09-26,ST001,NIP001,0,0,0
2026-09-26,ST001,NIP002,0,0,0
2026-09-26,ST001,NIP003,0,0,0
2026-09-26,ST001,NIP004,0,0,0
2026-09-26,ST001,NIP005,0,0,0
2026-09-26,ST001,SEI001,0,0,0
2026-09-26,ST001,SEI002,2,3,198
2026-09-26,ST001,SEI003,0,0,0
2026-09-26,ST002,SOZ001,0,0,0
2026-09-26,ST002,SOZ002,2,4,432
2026-09-26,ST002,SOZ003,1,0,0
2026-09-26,ST002,SOZ004,3,5,270
2026-09-26,ST002,NIP001,0,0,0
2026-09-26,ST002,NIP002,0,0,0
2026-09-26,ST002,NIP003,0,0,0
2026-09-26,ST002,NIP004,0,0,0
2026-09-26,ST002,NIP005,0,0,0
2026-09-26,ST002,SEI001,0,0,0
2026-09-26,ST002,SEI002,2,2,132
2026-09-26,ST002,SEI003,0,0,0
2026-09-26,ST003,SOZ001,2,4,576
2026-09-26,ST003,SOZ002,1,2,216
2026-09-26,ST003,SOZ003,0,0,0
2026-09-26,ST003,SOZ004,3,5,270
2026-09-26,ST003,NIP001,0,0,0
2026-09-26,ST003,NIP002,0,0,0
2026-09-26,ST003,NIP003,0,0,0
2026-09-26,ST003,NIP004,0,0,0
2026-09-26,ST003,NIP005,0,0,0
2026-09-26,ST003,SEI001,0,0,0
2026-09-26,ST003,SEI002,2,2,132
2026-09-26,ST003,SEI003,0,0,0
2026-09-26,ST004,SOZ001,1,1,144
2026-09-26,ST004,SOZ002,1,1,108
2026-09-26,ST004,SOZ003,2,3,405
2026-09-26,ST004,SOZ004,2,2,108
2026-09-26,ST004,NIP001,0,0,0
2026-09-26,ST004,NIP002,0,0,0
2026-09-26,ST004,NIP003,0,0,0
2026-09-26,ST004,NIP004,0,0,0
2026-09-26,ST004,NIP005,0,0,0
2026-09-26,ST004,SEI001,0,0,0
2026-09-26,ST004,SEI002,3,4,264
2026-09-26,ST004,SEI003,0,0,0
2026-09-26,ST005,SOZ001,2,2,288
2026-09-26,ST005,SOZ002,1,1,108
2026-09-26,ST005,SOZ003,0,0,0
2026-09-26,ST005,SOZ004,1,1,54
2026-09-26,ST005,NIP001,0,0,0
2026-09-26,ST005,NIP002,0,0,0
2026-09-26,ST005,NIP003,0,0,0
2026-09-26,ST005,NIP004,0,0,0
2026-09-26,ST005,NIP005,0,0,0
2026-09-26,ST005,SEI001,0,0,0
2026-09-26,ST005,SEI002,0,0,0
2026-09-26,ST005,SEI003,0,0,0
